file,device_id,vehicle_model,soc_initial,soc_end,delta_SOC,Q_current (Ah),Q_initial (Ah),SOH (%)
bms_01241228122-2023-12-trip-42.csv,01241228122,KonaEV,0.8250000000000001,0.375,-0.45000000000000007,65.52351646090534,60.300000000000004,108.66254802803539
bms_01241228122-2024-01-trip-32.csv,01241228122,KonaEV,0.68,0.2,-0.48000000000000004,63.76952353395061,60.300000000000004,105.75377037139404
bms_01241228156-2023-12-trip-18.csv,01241228156,KonaEV,0.0,0.68,0.68,1.3565999455337692,60.300000000000004,2.2497511534556702
bms_01241228203-2023-09-trip-42.csv,01241228203,KonaEV,0.665,0.1,-0.5650000000000001,58.696819075712874,60.300000000000004,97.34132516701969
bms_01241228203-2023-09-trip-43.csv,01241228203,KonaEV,0.68,0.185,-0.49500000000000005,60.199366816311255,60.300000000000004,99.8331124648611
bms_01241228203-2023-09-trip-44.csv,01241228203,KonaEV,0.775,0.14,-0.635,60.706893409157175,60.300000000000004,100.6747817730633
bms_01241228203-2023-12-trip-38.csv,01241228203,KonaEV,0.555,0.07,-0.48500000000000004,58.77518518518517,60.300000000000004,97.47128554757076
bms_altitude_01241228123-2023-09-trip-18.csv,01241228123,KonaEV,0.47500000000000003,0.0,-0.47500000000000003,3.94027290448343,60.300000000000004,6.53444926116655
bms_altitude_01241228123-2024-02-trip-16.csv,01241228123,KonaEV,0.615,0.105,-0.51,56.827910312273055,60.300000000000004,94.24197398386907
bms_altitude_01241228123-2024-02-trip-18.csv,01241228123,KonaEV,0.505,0.105,-0.4,64.39301851851852,60.300000000000004,106.7877587371783
bms_altitude_01241228123-2024-05-trip-6.csv,01241228123,KonaEV,0.78,0.37,-0.41000000000000003,62.81446589882566,60.300000000000004,104.16992686372413
bms_altitude_01241248726-2023-11-trip-20.csv,01241248726,KonaEV,0.5700000000000001,0.15,-0.42000000000000004,59.36341820987654,60.300000000000004,98.44679636795446
bms_altitude_01241248726-2024-01-trip-1.csv,01241248726,KonaEV,0.965,0.49,-0.475,62.24313742690058,60.300000000000004,103.22245012752998
bms_altitude_01241248726-2024-03-trip-16.csv,01241248726,KonaEV,0.64,0.16,-0.48,54.90289544753087,60.300000000000004,91.04957785660176
bms_altitude_01241248726-2023-12-trip-37.csv,01241248726,KonaEV,0.5750000000000001,0.06,-0.5150000000000001,61.25470693994964,60.300000000000004,101.58326192363123
bms_altitude_01241248726-2024-04-trip-10.csv,01241248726,KonaEV,0.75,0.25,-0.5,59.6566925925926,60.300000000000004,98.93315521159634
bms_01241228051-2023-10-trip-34.csv,01241228051,EV6,0.58,0.105,-0.475,51.71436549707603,60.3,85.76180016098844
bms_01241228051-2023-10-trip-35.csv,01241228051,EV6,0.8150000000000001,0.17500000000000002,-0.64,57.6504296875,60.3,95.6060193822554
bms_01241228051-2023-10-trip-38.csv,01241228051,EV6,0.5650000000000001,0.125,-0.44000000000000006,52.00458964646464,60.3,86.24310057456822
bms_01241228051-2023-12-trip-49.csv,01241228051,EV6,0.965,0.56,-0.4049999999999999,51.873779149519905,60.3,86.02616774381411
bms_01241228054-2023-11-trip-55.csv,01241228054,EV6,0.97,0.375,-0.595,55.523081232493006,60.3,92.07807832917581
bms_01241228059-2023-07-trip-1.csv,01241228059,EV6,0.965,0.56,-0.4049999999999999,57.12891975308643,60.3,94.74116045287965
bms_01241228059-2023-05-trip-32.csv,01241228059,EV6,0.0,0.8150000000000001,0.8150000000000001,3.0946438309475117,60.3,5.132079321637665
bms_01241228057-2023-12-trip-56.csv,01241228057,EV6,0.835,0.395,-0.43999999999999995,56.282624684343446,60.3,93.33768604368731
bms_01241228073-2023-11-trip-13.csv,01241228073,EV6,0.88,0.465,-0.415,57.48261378848728,60.3,95.32771772551789
bms_01241228075-2023-06-trip-24.csv,01241228075,EV6,0.965,0.295,-0.6699999999999999,57.7583436981758,60.3,95.78498125733964
bms_01241228075-2023-12-trip-18.csv,01241228075,EV6,0.965,0.5,-0.46499999999999997,58.36249253285544,60.3,96.78688645581333
bms_01241228075-2023-12-trip-22.csv,01241228075,EV6,0.9450000000000001,0.28,-0.665,57.7510171261487,60.3,95.77283105497297
bms_01241228075-2023-09-trip-18.csv,01241228075,EV6,0.965,0.525,-0.43999999999999995,58.32483112373738,60.3,96.72442972427427
bms_01241228075-2023-09-trip-20.csv,01241228075,EV6,0.78,0.33,-0.45,59.52855555555556,60.3,98.72065597936246
bms_01241228075-2024-01-trip-8.csv,01241228075,EV6,0.65,0.24,-0.41000000000000003,56.113184281842805,60.3,93.05669035131477
bms_01241228075-2023-10-trip-32.csv,01241228075,EV6,0.65,0.165,-0.485,56.586268613974795,60.3,93.84124148254527
bms_01241228075-2024-01-trip-17.csv,01241228075,EV6,0.6,0.12,-0.48,55.20583622685185,60.3,91.55196720870954
bms_01241228075-2024-01-trip-29.csv,01241228075,EV6,0.965,0.53,-0.43499999999999994,58.43462962962963,60.3,96.90651679872245
bms_01241228075-2024-01-trip-34.csv,01241228075,EV6,0.865,0.385,-0.48,56.717155671296304,60.3,94.05830127909836
bms_01241228084-2023-02-trip-24.csv,01241228084,EV6,0.6900000000000001,0.19,-0.5,59.290666666666674,60.3,98.32614704256497
bms_01241228086-2023-06-trip-35.csv,01241228086,EV6,0.735,0.295,-0.44,42.7694191919192,60.3,70.92772668643318
bms_01241228086-2023-05-trip-23.csv,01241228086,EV6,0.855,0.42,-0.435,54.88647509578544,60.3,91.02234675917984
bms_01241228076-2023-12-trip-19.csv,01241228076,EV6,0.86,0.26,-0.6,52.677638888888886,60.3,87.35926847245256
bms_01241228076-2023-01-trip-36.csv,01241228076,EV6,0.785,0.35000000000000003,-0.435,59.45365900383142,60.3,98.59644942592276
bms_01241228086-2023-11-trip-10.csv,01241228086,EV6,0.88,0.455,-0.425,57.623063725490205,60.3,95.56063636068028
bms_01241228076-2023-05-trip-14.csv,01241228076,EV6,0.765,0.275,-0.49,53.97252834467121,60.3,89.50668050525906
bms_01241228076-2023-05-trip-16.csv,01241228076,EV6,0.645,0.125,-0.52,57.322748397435895,60.3,95.06260099077262
bms_01241228076-2023-12-trip-55.csv,01241228076,EV6,0.0,0.745,0.745,2.5009172259507837,60.3,4.14745808615387
bms_01241228086-2023-12-trip-47.csv,01241228086,EV6,0.895,0.28,-0.615,50.66845528455285,60.3,84.02728902910921
bms_01241228087-2023-03-trip-14.csv,01241228087,EV6,0.8,0.34,-0.46,54.908867753623184,60.3,91.05948217847958
bms_01241228087-2023-05-trip-21.csv,01241228087,EV6,0.9,0.44,-0.46,54.17529891304347,60.3,89.8429501045497
bms_01241228090-2023-05-trip-7.csv,01241228090,EV6,0.665,0.20500000000000002,-0.46,54.17429045893719,60.3,89.84127770968026
bms_01241228094-2023-07-trip-13.csv,01241228094,EV6,0.86,0.33,-0.53,47.75115697064988,60.3,79.18931504253712
bms_01241228092-2023-12-trip-52.csv,01241228092,EV6,0.6950000000000001,0.28,-0.41500000000000004,55.69688085676038,60.3,92.36630324504209
bms_01241228094-2023-10-trip-33.csv,01241228094,EV6,0.97,0.35000000000000003,-0.6199999999999999,44.08970430107528,60.3,73.11725423063893
bms_01241228094-2023-12-trip-6.csv,01241228094,EV6,0.965,0.545,-0.41999999999999993,53.719490740740746,60.3,89.08704932129477
bms_01241228094-2023-09-trip-58.csv,01241228094,EV6,0.97,0.255,-0.715,41.4228243978244,60.3,68.69456782392106
bms_01241228094-2023-11-trip-91.csv,01241228094,EV6,0.785,0.29,-0.49500000000000005,51.43322671156004,60.3,85.29556668583754
bms_01241228094-2023-11-trip-99.csv,01241228094,EV6,0.59,0.145,-0.44499999999999995,33.54410424469413,60.3,55.62869692320752
bms_01241228094-2023-12-trip-77.csv,01241228094,EV6,0.97,0.095,-0.875,48.74454126984127,60.3,80.8367185237832
bms_01241228097-2023-12-trip-26.csv,01241228097,EV6,0.845,0.435,-0.41,55.33742886178861,60.3,91.77019711739405
bms_01241228098-2023-06-trip-12.csv,01241228098,EV6,0.785,0.275,-0.51,59.150575980392155,60.3,98.09382417975482
bms_01241228099-2023-02-trip-8.csv,01241228099,EV6,0.785,0.335,-0.45,60.73116975308642,60.3,100.71504104989457
bms_01241228097-2024-01-trip-27.csv,01241228097,EV6,0.5,0.1,-0.4,54.95440277777777,60.3,91.13499631472268
bms_01241228099-2023-02-trip-20.csv,01241228099,EV6,0.775,0.37,-0.405,56.81417695473252,60.3,94.21919892990468
bms_01241228099-2023-01-trip-40.csv,01241228099,EV6,0.0,0.64,0.64,2.9023198784722224,60.3,4.813134126819606
bms_01241228099-2023-01-trip-42.csv,01241228099,EV6,0.755,0.305,-0.45,57.028839506172844,60.3,94.57518989415065
bms_01241228099-2023-04-trip-15.csv,01241228099,EV6,0.75,0.315,-0.435,57.43739782886335,60.3,95.25273271784967
bms_01241228099-2023-03-trip-50.csv,01241228099,EV6,0.63,0.195,-0.435,56.044929757343546,60.3,92.94349876839726
bms_01241228103-2023-01-trip-1.csv,01241228103,EV6,0.965,0.41500000000000004,-0.5499999999999999,60.13705934343435,60.3,99.72978332244503
bms_01241228098-2024-01-trip-22.csv,01241228098,EV6,0.84,0.34500000000000003,-0.49499999999999994,56.560712682379354,60.3,93.79886016978335
bms_01241228098-2024-01-trip-47.csv,01241228098,EV6,0.855,0.24,-0.615,57.16685185185186,60.3,94.80406608930657
bms_01241228098-2024-01-trip-57.csv,01241228098,EV6,0.785,0.34500000000000003,-0.44,62.07964646464647,60.3,102.951320836893
bms_01241228103-2023-11-trip-46.csv,01241228103,EV6,0.875,0.41000000000000003,-0.46499999999999997,58.417777777777786,60.3,96.87857011240098
bms_01241228103-2023-11-trip-47.csv,01241228103,EV6,0.855,0.425,-0.43,57.44522609819121,60.3,95.26571492237349
bms_01241228103-2023-10-trip-24.csv,01241228103,EV6,0.61,0.0,-0.61,11.984735883424408,60.3,19.87518388627597
bms_01241228103-2023-10-trip-27.csv,01241228103,EV6,0.855,0.315,-0.54,55.388662551440326,60.3,91.85516177684964
bms_01241228107-2023-02-trip-40.csv,01241228107,EV6,0.97,0.355,-0.615,57.62172538392051,60.3,95.55841688875707
bms_01241228107-2023-02-trip-43.csv,01241228107,EV6,0.79,0.35000000000000003,-0.44,63.29562973484848,60.3,104.96787684054476
bms_01241228107-2023-01-trip-37.csv,01241228107,EV6,0.965,0.355,-0.61,57.35065346083788,60.3,95.10887804450728
bms_01241228107-2023-01-trip-50.csv,01241228107,EV6,0.755,0.185,-0.5700000000000001,53.4905872319688,60.3,88.70744151238608
bms_01241228106-2023-01-trip-16.csv,01241228106,EV6,0.0,0.56,0.56,3.121230158730158,60.3,5.1761694174629485
bms_01241228106-2023-12-trip-38.csv,01241228106,EV6,0.965,0.485,-0.48,58.21453414351851,60.3,96.54151599256802
bms_01241228106-2023-12-trip-39.csv,01241228106,EV6,0.585,0.14,-0.44499999999999995,56.58423064918852,60.3,93.83786177311529
bms_01241228107-2023-10-trip-22.csv,01241228107,EV6,0.9550000000000001,0.555,-0.4,57.261647569444435,60.3,94.9612729178183
bms_01241228107-2023-10-trip-27.csv,01241228107,EV6,0.87,0.295,-0.575,54.53840821256039,60.3,90.44512141386467
bms_01241228107-2023-03-trip-56.csv,01241228107,EV6,0.77,0.15,-0.62,54.29579525089605,60.3,90.04277819385746
bms_01241228107-2023-08-trip-57.csv,01241228107,EV6,0.645,0.19,-0.455,53.68624694749694,60.3,89.03191865256541
bms_01241228107-2023-09-trip-60.csv,01241228107,EV6,0.915,0.46,-0.455,57.21910256410256,60.3,94.89071735340391
bms_01241248831-2023-02-trip-57.csv,01241248831,EV6,0.605,0.17,-0.43499999999999994,57.35557471264369,60.3,95.11703932445056
bms_01241248833-2023-11-trip-58.csv,01241248833,EV6,0.875,0.465,-0.41,59.972196815718156,60.3,99.45637946221918
bms_01241248833-2023-12-trip-5.csv,01241248833,EV6,0.735,0.315,-0.42,56.1551455026455,60.3,93.12627778216502
bms_01241248831-2023-12-trip-41.csv,01241248831,EV6,0.835,0.38,-0.45499999999999996,55.21840506715507,60.3,91.57281105664191
bms_01241248831-2024-01-trip-4.csv,01241248831,EV6,0.97,0.515,-0.45499999999999996,56.28829212454213,60.3,93.34708478365197
bms_01241248831-2024-01-trip-9.csv,01241248831,EV6,0.92,0.455,-0.465,56.437452210274785,60.3,93.59444810990844
bms_01241248842-2023-05-trip-21.csv,01241248842,EV6,0.965,0.49,-0.475,56.671900584795324,60.3,93.98325138440353
bms_01241248842-2024-01-trip-24.csv,01241248842,EV6,0.965,0.27,-0.695,56.52508792965627,60.3,93.7397809778711
bms_01241248876-2023-04-trip-14.csv,01241248876,EV6,0.965,0.485,-0.48,57.56136284722223,60.3,95.45831317947302
bms_01241248877-2023-10-trip-18.csv,01241248877,EV6,0.0,0.63,0.63,1.1649382716049381,60.3,1.9319042646848064
bms_01241248891-2024-01-trip-7.csv,01241248891,EV6,0.905,0.42,-0.48500000000000004,51.12870274914089,60.3,84.79055182278755
bms_01241248891-2023-12-trip-7.csv,01241248891,EV6,0.805,0.315,-0.49000000000000005,55.54387471655329,60.3,92.11256171899386
bms_01241248891-2023-02-trip-9.csv,01241248891,EV6,0.745,0.3,-0.445,57.00088951310862,60.3,94.52883833019672
bms_01241248892-2023-08-trip-15.csv,01241248892,EV6,0.875,0.455,-0.42,58.41225859788359,60.3,96.86941724358805
bms_01241248900-2023-08-trip-39.csv,01241248900,EV6,0.91,0.425,-0.48500000000000004,57.923195876288645,60.3,96.05836795404419
bms_01241248908-2023-12-trip-43.csv,01241248908,EV6,0.63,0.21,-0.42000000000000004,57.0399074074074,60.3,94.59354462256617
bms_01241248912-2023-12-trip-45.csv,01241248912,EV6,0.0,0.505,0.505,7.025035753575358,60.3,11.650142211567758
bms_01241248912-2023-07-trip-13.csv,01241248912,EV6,0.0,0.47000000000000003,0.47000000000000003,7.01028073286052,60.3,11.625672857148457
bms_01241248913-2023-08-trip-15.csv,01241248913,EV6,0.775,0.305,-0.47000000000000003,55.71914302600472,60.3,92.40322226534781
bms_01241248913-2023-11-trip-10.csv,01241248913,EV6,0.9500000000000001,0.355,-0.5950000000000001,57.47753267973855,60.3,95.31929134285001
bms_01241248913-2023-12-trip-31.csv,01241248913,EV6,0.735,0.295,-0.44,58.45014204545455,60.3,96.93224219810041
bms_01241248913-2024-01-trip-19.csv,01241248913,EV6,0.87,0.41500000000000004,-0.45499999999999996,55.769224664224666,60.3,92.48627639174903
bms_01241248912-2023-08-trip-57.csv,01241248912,EV6,0.675,0.2,-0.47500000000000003,55.25843859649122,60.3,91.63920165255593
bms_01241248921-2023-09-trip-13.csv,01241248921,EV6,0.785,0.35000000000000003,-0.435,56.45661558109833,60.3,93.62622816102544
bms_01241248921-2023-09-trip-14.csv,01241248921,EV6,0.785,0.37,-0.41500000000000004,52.81966867469878,60.3,87.59480708905271
bms_01241248924-2023-04-trip-8.csv,01241248924,EV6,0.97,0.49,-0.48,54.75350405092592,60.3,90.8018309302254
bms_01241248924-2023-04-trip-32.csv,01241248924,EV6,0.81,0.245,-0.5650000000000001,53.98653883972467,60.3,89.52991515708901
bms_01241248924-2023-04-trip-33.csv,01241248924,EV6,0.85,0.435,-0.415,57.31343038821955,60.3,95.04714823917007
bms_01241248924-2023-03-trip-4.csv,01241248924,EV6,0.745,0.245,-0.5,56.97002777777778,60.3,94.47765800626497
bms_01241248924-2023-04-trip-37.csv,01241248924,EV6,0.74,0.3,-0.44,54.358514835858585,60.3,90.14679077256814
bms_01241248924-2023-02-trip-3.csv,01241248924,EV6,0.925,0.38,-0.545,54.399283893985725,60.3,90.21440115088843
bms_01241248924-2023-03-trip-10.csv,01241248924,EV6,0.97,0.15,-0.82,54.336702235772364,60.3,90.11061730642183
bms_01241248924-2023-02-trip-4.csv,01241248924,EV6,0.87,0.46,-0.41,54.39346375338754,60.3,90.20474917643043
bms_01241248924-2023-02-trip-8.csv,01241248924,EV6,0.965,0.52,-0.44499999999999995,55.90500624219725,60.3,92.71145313797223
bms_01241248924-2023-04-trip-44.csv,01241248924,EV6,0.75,0.34,-0.41,56.755833333333335,60.3,94.12244333886126
bms_01241248924-2023-02-trip-9.csv,01241248924,EV6,0.64,0.20500000000000002,-0.435,59.119484355044705,60.3,98.04226261201444
bms_01241248924-2023-02-trip-10.csv,01241248924,EV6,0.8150000000000001,0.3,-0.5150000000000001,58.60475188781013,60.3,97.18864326336673
bms_01241248924-2023-03-trip-16.csv,01241248924,EV6,0.91,0.51,-0.4,54.80236284722221,60.3,90.882857126405
bms_01241248924-2023-02-trip-11.csv,01241248924,EV6,0.795,0.155,-0.64,55.24350802951389,60.3,91.61444117663996
bms_01241248924-2023-02-trip-16.csv,01241248924,EV6,0.925,0.355,-0.5700000000000001,54.48612451267056,60.3,90.35841544389811
bms_01241248924-2023-03-trip-29.csv,01241248924,EV6,0.97,0.51,-0.45999999999999996,55.42419233091788,60.3,91.91408346752551
bms_01241248924-2023-03-trip-38.csv,01241248924,EV6,0.8,0.39,-0.41000000000000003,56.575531842818414,60.3,93.82343589190451
bms_01241248924-2023-02-trip-34.csv,01241248924,EV6,0.62,0.165,-0.45499999999999996,55.76170634920635,60.3,92.47380820763907
bms_01241248924-2023-03-trip-40.csv,01241248924,EV6,0.895,0.255,-0.64,55.809359809027775,60.3,92.552835504192
bms_01241248924-2023-02-trip-37.csv,01241248924,EV6,0.8250000000000001,0.425,-0.4000000000000001,58.21734548611111,60.3,96.54617825225723
bms_01241248924-2023-03-trip-49.csv,01241248924,EV6,0.93,0.5,-0.43000000000000005,55.12100613695089,60.3,91.41128712595504
bms_01241248924-2023-03-trip-50.csv,01241248924,EV6,0.725,0.305,-0.42,57.466183862433866,60.3,95.30047075030492
bms_01241248924-2023-03-trip-51.csv,01241248924,EV6,0.5650000000000001,0.095,-0.4700000000000001,55.460342789598094,60.3,91.97403447694543
bms_01241248924-2023-02-trip-56.csv,01241248924,EV6,0.76,0.31,-0.45,56.17700308641975,60.3,93.16252584812563
bms_01241248924-2023-03-trip-59.csv,01241248924,EV6,0.84,0.385,-0.45499999999999996,54.20023809523809,60.3,89.8843086156519
bms_01241248924-2023-02-trip-66.csv,01241248924,EV6,0.665,0.20500000000000002,-0.46,56.51883605072464,60.3,93.72941301944385
bms_01241248924-2023-02-trip-75.csv,01241248924,EV6,0.0,0.7000000000000001,0.7000000000000001,19.721772817460316,60.3,32.70609090789439
bms_01241248924-2023-07-trip-20.csv,01241248924,EV6,0.59,0.12,-0.47,53.87589095744682,60.3,89.34641949825344
bms_01241248924-2023-07-trip-30.csv,01241248924,EV6,0.84,0.31,-0.53,55.688422431865824,60.3,92.35227600641099
bms_01241248927-2023-07-trip-54.csv,01241248927,EV6,0.64,0.18,-0.46,52.022666062801925,60.3,86.27307804776439
bms_01241248924-2023-09-trip-3.csv,01241248924,EV6,0.9450000000000001,0.37,-0.5750000000000001,55.370439613526564,60.3,91.82494131596445
bms_01241248924-2023-06-trip-6.csv,01241248924,EV6,0.685,0.195,-0.49000000000000005,55.97460317460317,60.3,92.82687093632367
bms_01241248924-2023-09-trip-11.csv,01241248924,EV6,0.735,0.265,-0.47,56.230514184397165,60.3,93.25126730414124
bms_01241248927-2023-04-trip-17.csv,01241248927,EV6,0.97,0.375,-0.595,57.77312441643324,60.3,95.80949322791584
bms_01241248927-2023-04-trip-21.csv,01241248927,EV6,0.91,0.38,-0.53,58.369661949685536,60.3,96.79877603596275
bms_01241248924-2023-09-trip-19.csv,01241248924,EV6,0.74,0.335,-0.40499999999999997,57.110545267489705,60.3,94.71068866913716
bms_01241248924-2023-05-trip-15.csv,01241248924,EV6,0.66,0.245,-0.41500000000000004,55.02570281124497,60.3,91.25323849294357
bms_01241248924-2023-06-trip-23.csv,01241248924,EV6,0.78,0.375,-0.405,56.712870370370354,60.3,94.05119464406361
bms_01241248924-2023-10-trip-30.csv,01241248924,EV6,0.77,0.29,-0.48000000000000004,52.07532407407407,60.3,86.36040476629199
bms_01241248924-2023-05-trip-18.csv,01241248924,EV6,0.86,0.295,-0.565,55.90677851524091,60.3,92.71439223091362
bms_01241248927-2023-10-trip-12.csv,01241248927,EV6,0.73,0.185,-0.5449999999999999,58.064410040774725,60.3,96.29255396480055
bms_01241248924-2023-05-trip-20.csv,01241248924,EV6,0.73,0.31,-0.42,53.71728505291006,60.3,89.08339146419578
bms_01241248924-2023-10-trip-35.csv,01241248924,EV6,0.685,0.155,-0.53,55.46188810272537,60.3,91.97659718528254
bms_01241248924-2023-10-trip-36.csv,01241248924,EV6,0.965,0.545,-0.41999999999999993,53.669160052910065,60.3,89.00358217729696
bms_01241248924-2023-06-trip-35.csv,01241248924,EV6,0.9400000000000001,0.515,-0.42500000000000004,56.05804575163398,60.3,92.96525000270977
bms_01241248924-2023-10-trip-40.csv,01241248924,EV6,0.605,0.1,-0.505,51.642973047304736,60.3,85.6434047218984
bms_01241248927-2023-04-trip-45.csv,01241248927,EV6,0.925,0.295,-0.6300000000000001,56.30255070546737,60.3,93.37073085483809
bms_01241248924-2023-09-trip-37.csv,01241248924,EV6,0.64,0.19,-0.45,55.25370061728394,60.3,91.63134430727023
bms_01241248924-2023-06-trip-40.csv,01241248924,EV6,0.77,0.26,-0.51,57.717859477124186,60.3,95.71784324564541
bms_01241248924-2023-09-trip-38.csv,01241248924,EV6,0.75,0.22,-0.53,51.46500262054507,60.3,85.34826305231356
bms_01241248924-2023-11-trip-2.csv,01241248924,EV6,0.715,0.265,-0.44999999999999996,52.575327160493835,60.3,87.1895972810843
bms_01241248924-2023-08-trip-39.csv,01241248924,EV6,0.725,0.305,-0.42,53.371630291005296,60.3,88.51016632007513
bms_01241248927-2023-09-trip-64.csv,01241248927,EV6,0.865,0.365,-0.5,55.648513888888886,60.3,92.28609268472452
bms_01241248924-2023-11-trip-16.csv,01241248924,EV6,0.85,0.39,-0.45999999999999996,52.27889190821257,60.3,86.69799653103246
bms_01241248924-2023-11-trip-17.csv,01241248924,EV6,0.9450000000000001,0.34,-0.605,53.16373737373737,60.3,88.16540194649647
bms_01241248927-2023-12-trip-32.csv,01241248927,EV6,0.685,0.25,-0.43500000000000005,55.14164272030651,60.3,91.44551031559952
bms_01241248927-2023-03-trip-12.csv,01241248927,EV6,0.795,0.34500000000000003,-0.45,56.076475308641974,60.3,92.9958131154925
bms_01241248927-2023-03-trip-27.csv,01241248927,EV6,0.9,0.34500000000000003,-0.5549999999999999,56.12677427427427,60.3,93.07922765219614
bms_01241248927-2023-03-trip-31.csv,01241248927,EV6,0.765,0.14,-0.625,56.80135222222223,60.3,94.19793071678644
bms_01241248924-2023-11-trip-48.csv,01241248924,EV6,0.775,0.37,-0.405,54.154879972565155,60.3,89.80908784836676
bms_01241248927-2023-03-trip-39.csv,01241248927,EV6,0.78,0.375,-0.405,55.04692043895748,60.3,91.28842527190295
bms_01241248927-2023-08-trip-85.csv,01241248927,EV6,0.525,0.125,-0.4,56.81710763888889,60.3,94.22405910263498
bms_01241248933-2023-02-trip-32.csv,01241248933,EV6,0.775,0.315,-0.46,59.45187047101449,60.3,98.59348336818323
bms_01241248928-2024-04-trip-11.csv,01241248928,EV6,0.97,0.49,-0.48,57.489609375,60.3,95.33931902985076
bms_01241248927-2023-03-trip-59.csv,01241248927,EV6,0.67,0.14,-0.53,56.90515985324948,60.3,94.37008267537227
bms_01241248927-2023-03-trip-73.csv,01241248927,EV6,0.97,0.23500000000000001,-0.735,55.97633692365835,60.3,92.82974614205366
bms_01241248927-2023-03-trip-76.csv,01241248927,EV6,0.935,0.275,-0.66,57.44225378787878,60.3,95.26078571787525
bms_01241248933-2023-03-trip-9.csv,01241248933,EV6,0.6900000000000001,0.195,-0.49500000000000005,56.34174803591469,60.3,93.43573471959319
bms_01241248924-2024-01-trip-3.csv,01241248924,EV6,0.97,0.315,-0.655,52.9540818490246,60.3,87.81771450916186
bms_01241248924-2023-12-trip-33.csv,01241248924,EV6,0.555,0.095,-0.4600000000000001,53.79819595410627,60.3,89.21757206319448
bms_01241248924-2024-01-trip-13.csv,01241248924,EV6,0.61,0.18,-0.43,51.78030361757106,60.3,85.87115027789562
bms_01241248924-2023-12-trip-49.csv,01241248924,EV6,0.91,0.32,-0.5900000000000001,53.58620291902071,60.3,88.86600815757994
bms_01241248924-2024-01-trip-28.csv,01241248924,EV6,0.81,0.37,-0.44000000000000006,55.509229797979785,60.3,92.0551074593363
bms_01241248924-2023-12-trip-50.csv,01241248924,EV6,0.865,0.185,-0.6799999999999999,51.16735906862745,60.3,84.85465848860274
bms_01241248924-2024-01-trip-32.csv,01241248924,EV6,0.735,0.325,-0.41,54.54803861788618,60.3,90.46109223530047
bms_01241248924-2024-01-trip-34.csv,01241248924,EV6,0.845,0.34,-0.5049999999999999,52.290316281628186,60.3,86.71694242392735
bms_01241248924-2023-12-trip-54.csv,01241248924,EV6,0.905,0.505,-0.4,54.12579513888888,60.3,89.76085429334807
bms_01241248924-2024-01-trip-35.csv,01241248924,EV6,0.66,0.255,-0.405,49.82412208504801,60.3,82.62706813440798
bms_01241248924-2023-12-trip-57.csv,01241248924,EV6,0.625,0.14,-0.485,53.35947451317297,60.3,88.4900074845323
bms_01241248924-2024-01-trip-46.csv,01241248924,EV6,0.79,0.295,-0.49500000000000005,53.26633557800223,60.3,88.33554822222592
bms_01241248924-2024-01-trip-66.csv,01241248924,EV6,0.8150000000000001,0.185,-0.6300000000000001,51.487078924162255,60.3,85.38487383774836
bms_01241248933-2023-12-trip-70.csv,01241248933,EV6,0.8300000000000001,0.41500000000000004,-0.41500000000000004,58.823102409638544,60.3,97.55075026474054
bms_01241321947-2023-03-trip-13.csv,01241321947,EV6,0.0,0.645,0.645,7.96519595176572,60.3,13.209280185349453
bms_01241321947-2023-03-trip-36.csv,01241321947,EV6,0.0,0.88,0.88,3.0564638573232323,60.3,5.068762615793089
bms_01241321947-2023-06-trip-65.csv,01241321947,EV6,0.0,0.6900000000000001,0.6900000000000001,5.366012479871174,60.3,8.89885983394888
bms_01241321947-2023-05-trip-59.csv,01241321947,EV6,0.0,0.9,0.9,1.241837962962963,60.3,2.0594327743996073
bms_01241321947-2023-03-trip-86.csv,01241321947,EV6,0.0,0.66,0.66,16.401016414141413,60.3,27.19903219592274
bms_01241321947-2024-01-trip-53.csv,01241321947,EV6,0.0,0.8250000000000001,0.8250000000000001,1.8536363636363633,60.3,3.0740238202924766
bms_01241321947-2023-08-trip-6.csv,01241321947,EV6,0.0,0.775,0.775,4.825625448028674,60.3,8.002695602037603
bms_01241321947-2024-02-trip-28.csv,01241321947,EV6,0.0,0.875,0.875,5.286733333333332,60.3,8.767385295743503
bms_01241321947-2023-12-trip-99.csv,01241321947,EV6,0.0,0.61,0.61,8.635439435336977,60.3,14.320795083477575
bms_altitude_01241228114-2024-07-trip-10.csv,01241228114,EV6,0.925,0.505,-0.42000000000000004,58.3688458994709,60.3,96.79742271885722
bms_altitude_01241228050-2023-10-trip-5.csv,01241228050,EV6,0.805,0.4,-0.405,58.11155521262002,60.3,96.37073832938644
bms_altitude_01241228114-2024-07-trip-16.csv,01241228114,EV6,0.965,0.42,-0.5449999999999999,56.254859836901126,60.3,93.29164152056572
bms_altitude_01241228114-2024-07-trip-18.csv,01241228114,EV6,0.855,0.42,-0.435,58.3963745210728,60.3,96.84307549099968
bms_altitude_01241228134-2023-12-trip-5.csv,01241228134,EV6,0.8300000000000001,0.38,-0.45000000000000007,55.37889197530863,60.3,91.83895849968265
bms_altitude_01241228134-2023-12-trip-7.csv,01241228134,EV6,0.74,0.21,-0.53,54.05118972746331,60.3,89.63713055964065
bms_altitude_01241228134-2024-01-trip-11.csv,01241228134,EV6,0.9400000000000001,0.395,-0.545,54.72936034658512,60.3,90.76179161954414
bms_altitude_01241228134-2023-10-trip-13.csv,01241228134,EV6,0.785,0.33,-0.455,57.302252747252744,60.3,95.02861152114883
bms_altitude_01241228134-2023-10-trip-20.csv,01241228134,EV6,0.9550000000000001,0.435,-0.52,55.462179487179476,60.3,91.97708040991621
bms_altitude_01241228134-2023-12-trip-50.csv,01241228134,EV6,0.875,0.31,-0.565,54.001288102261555,60.3,89.55437496229113
bms_altitude_01241228134-2023-10-trip-28.csv,01241228134,EV6,0.775,0.375,-0.4,54.97863368055556,60.3,91.1751802330938
bms_altitude_01241228134-2023-11-trip-6.csv,01241228134,EV6,0.915,0.44,-0.47500000000000003,54.48579970760233,60.3,90.35787679536043
bms_altitude_01241228134-2024-02-trip-7.csv,01241228134,EV6,0.785,0.28,-0.505,54.065877337733774,60.3,89.66148812227823
bms_altitude_01241228134-2023-11-trip-27.csv,01241228134,EV6,0.855,0.28,-0.575,54.55148067632851,60.3,90.46680045825623
bms_altitude_01241228134-2024-01-trip-62.csv,01241228134,EV6,0.8150000000000001,0.27,-0.545,54.6449872579001,60.3,90.6218694160864
bms_altitude_01241228134-2023-11-trip-38.csv,01241228134,EV6,0.87,0.36,-0.51,53.57769880174292,60.3,88.85190514385228
bms_altitude_01241228134-2024-03-trip-2.csv,01241228134,EV6,0.875,0.425,-0.45,56.85504629629629,60.3,94.2869756157484
bms_altitude_01241228134-2024-02-trip-39.csv,01241228134,EV6,0.705,0.255,-0.44999999999999996,54.47500617283952,60.3,90.33997706938561
bms_altitude_01241228134-2023-08-trip-42.csv,01241228134,EV6,0.875,0.38,-0.495,55.84341470258136,60.3,92.60931128122947
bms_altitude_01241228134-2024-02-trip-44.csv,01241228134,EV6,0.865,0.275,-0.59,54.52916902071564,60.3,90.42979937100438
bms_altitude_01241228134-2024-05-trip-9.csv,01241228134,EV6,0.915,0.39,-0.525,53.35462433862433,60.3,88.48196407732061
bms_altitude_01241228134-2023-11-trip-63.csv,01241228134,EV6,0.7000000000000001,0.27,-0.43000000000000005,54.8090019379845,60.3,90.89386722717164
bms_altitude_01241228134-2024-02-trip-62.csv,01241228134,EV6,0.85,0.34500000000000003,-0.5049999999999999,55.874187293729385,60.3,92.66034377069549
bms_altitude_01241228134-2023-11-trip-71.csv,01241228134,EV6,0.845,0.4,-0.44499999999999995,53.75294943820226,60.3,89.14253638176163
bms_altitude_01241228134-2024-02-trip-74.csv,01241228134,EV6,0.925,0.47000000000000003,-0.455,54.09474053724054,60.3,89.70935412477702
bms_altitude_01241228134-2024-03-trip-48.csv,01241228134,EV6,0.78,0.33,-0.45,55.49054629629629,60.3,92.02412321110496
bms_altitude_01241228134-2024-07-trip-25.csv,01241228134,EV6,0.785,0.37,-0.41500000000000004,55.26172690763052,60.3,91.6446549048599
bms_altitude_01241248679-2024-03-trip-6.csv,01241248679,EV6,0.965,0.465,-0.49999999999999994,52.58833611111112,60.3,87.21117099686752
bms_altitude_01241248679-2024-05-trip-34.csv,01241248679,EV6,0.715,0.23500000000000001,-0.48,56.82360532407408,60.3,94.23483469995702
bms_altitude_01241248818-2023-10-trip-39.csv,01241248818,EV6,0.92,0.27,-0.65,57.13864102564103,60.3,94.7572819662372
bms_altitude_01241248679-2024-05-trip-38.csv,01241248679,EV6,0.925,0.32,-0.605,57.751781450872365,60.3,95.77409859182814
bms_altitude_01241248679-2024-06-trip-20.csv,01241248679,EV6,0.785,0.34,-0.445,60.16816479400749,60.3,99.78136781759119
bms_altitude_01241248679-2024-04-trip-41.csv,01241248679,EV6,0.9400000000000001,0.525,-0.41500000000000004,57.27967034805889,60.3,94.991161439567
bms_altitude_01241248679-2024-06-trip-24.csv,01241248679,EV6,0.915,0.395,-0.52,57.477102029914526,60.3,95.31857716403736
bms_altitude_01241248679-2024-07-trip-3.csv,01241248679,EV6,0.91,0.425,-0.48500000000000004,46.400721649484524,60.3,76.9497871467405
bms_altitude_01241248679-2024-07-trip-4.csv,01241248679,EV6,0.785,0.38,-0.405,56.94153978052125,60.3,94.43041422972016
bms_altitude_01241248679-2024-07-trip-14.csv,01241248679,EV6,0.78,0.37,-0.41000000000000003,50.204549457994574,60.3,83.25795930015684
bms_altitude_01241248679-2024-07-trip-15.csv,01241248679,EV6,0.97,0.33,-0.6399999999999999,53.28391601562501,60.3,88.36470317682424
bms_altitude_01241248818-2023-08-trip-20.csv,01241248818,EV6,0.63,0.20500000000000002,-0.425,56.18647385620915,60.3,93.17823193401186
bms_altitude_01241248818-2023-12-trip-4.csv,01241248818,EV6,0.9500000000000001,0.51,-0.44000000000000006,57.1149337121212,60.3,94.71796635509321
bms_altitude_01241248818-2024-07-trip-61.csv,01241248818,EV6,0.0,0.8250000000000001,0.8250000000000001,2.1598888888888887,60.3,3.5819052883729503
bms_altitude_01241248882-2023-10-trip-2.csv,01241248882,EV6,0.85,0.36,-0.49,59.19424886621315,60.3,98.16625019272497
bms_altitude_01241248882-2024-02-trip-7.csv,01241248882,EV6,0.755,0.305,-0.45,55.39441512345679,60.3,91.86470169727494
bms_altitude_01241248882-2024-02-trip-9.csv,01241248882,EV6,0.965,0.5,-0.46499999999999997,58.014199522102764,60.3,96.20928610630641
bms_altitude_01241248882-2023-09-trip-53.csv,01241248882,EV6,0.725,0.185,-0.54,56.4861021090535,60.3,93.67512787571061
bms_altitude_01241248932-2023-12-trip-46.csv,01241248932,EV6,0.88,0.43,-0.45,57.32106172839505,60.3,95.05980386135167
bms_altitude_01241364554-2023-08-trip-30.csv,01241364554,EV6,0.965,0.495,-0.47,58.41254728132388,60.3,96.8698959889285
bms_altitude_01241364554-2023-08-trip-34.csv,01241364554,EV6,0.805,0.245,-0.56,58.107671130952376,60.3,96.36429706625603
bms_altitude_01241364575-2023-10-trip-40.csv,01241364575,EV6,0.775,0.305,-0.47000000000000003,55.75942375886524,60.3,92.47002281735529
bms_altitude_01241364575-2023-12-trip-30.csv,01241364575,EV6,0.775,0.17500000000000002,-0.6,54.080141203703704,60.3,89.68514295804927
bms_altitude_01241364575-2023-12-trip-32.csv,01241364575,EV6,0.97,0.465,-0.5049999999999999,58.27729647964798,60.3,96.6455994687363
bms_altitude_01241364575-2024-02-trip-32.csv,01241364575,EV6,0.965,0.555,-0.4099999999999999,58.448726287262886,60.3,96.9298943404028
bms_altitude_01241364554-2024-05-trip-59.csv,01241364554,EV6,0.97,0.495,-0.475,58.46627777777779,60.3,96.9590012898471
bms_altitude_01241364575-2024-02-trip-34.csv,01241364575,EV6,0.97,0.465,-0.5049999999999999,56.90446644664467,60.3,94.36893274733777
bms_altitude_01241364575-2023-11-trip-22.csv,01241364575,EV6,0.97,0.525,-0.44499999999999995,56.449630149812734,60.3,93.61464369786523
bms_altitude_01241364575-2023-11-trip-36.csv,01241364575,EV6,0.855,0.225,-0.63,56.26431878306879,60.3,93.3073279984557
bms_altitude_01241364575-2024-04-trip-40.csv,01241364575,EV6,0.735,0.295,-0.44,53.925965909090905,60.3,89.42946253580581
bms_altitude_01241364575-2024-03-trip-35.csv,01241364575,EV6,0.97,0.555,-0.4149999999999999,57.1548795180723,60.3,94.78421147275672
bms_altitude_01241364575-2024-03-trip-37.csv,01241364575,EV6,0.965,0.545,-0.41999999999999993,57.366418650793655,60.3,95.1350226381321
bms_altitude_01241364575-2024-03-trip-38.csv,01241364575,EV6,0.545,0.135,-0.41000000000000003,53.59569444444443,60.3,88.88174866408696
bms_altitude_01241364592-2024-07-trip-16.csv,01241364592,EV6,0.72,0.305,-0.415,59.941017402945114,60.3,99.40467231002506
bms_altitude_01241364627-2023-11-trip-3.csv,01241364627,EV6,0.965,0.23,-0.735,57.292549130763426,60.3,95.01251928816488
bms_altitude_01241364592-2024-07-trip-69.csv,01241364592,EV6,0.785,0.28,-0.505,57.014495324532454,60.3,94.55140186489628
bms_altitude_01241364627-2023-11-trip-16.csv,01241364627,EV6,0.97,0.23500000000000001,-0.735,56.93059334845049,60.3,94.41226094270398
bms_altitude_01241364638-2023-08-trip-2.csv,01241364638,EV6,0.965,0.525,-0.43999999999999995,57.54764835858586,60.3,95.43556941722365
bms_altitude_01241364638-2023-08-trip-12.csv,01241364638,EV6,0.785,0.33,-0.455,57.96225427350428,60.3,96.12314141542998
bms_altitude_01241364627-2023-09-trip-9.csv,01241364627,EV6,0.97,0.24,-0.73,56.280707762557086,60.3,93.33450706891723
bms_altitude_01241364627-2023-09-trip-13.csv,01241364627,EV6,0.925,0.36,-0.5650000000000001,56.8554965585054,60.3,94.2877223192461
bms_altitude_01241364627-2023-09-trip-26.csv,01241364627,EV6,0.74,0.25,-0.49,59.6459693877551,60.3,98.91537211899686
bms_altitude_01241364638-2024-03-trip-1.csv,01241364638,EV6,0.9,0.395,-0.505,56.163743124312425,60.3,93.14053586121463
bms_altitude_01241364627-2023-10-trip-5.csv,01241364627,EV6,0.79,0.315,-0.47500000000000003,60.7843245614035,60.3,100.80319164411857
bms_altitude_01241364627-2023-12-trip-9.csv,01241364627,EV6,0.785,0.255,-0.53,59.31378668763102,60.3,98.364488702539
bms_altitude_01241364627-2023-10-trip-7.csv,01241364627,EV6,0.785,0.335,-0.45,59.45038888888889,60.3,98.59102634973283
bms_altitude_01241364638-2023-12-trip-32.csv,01241364638,EV6,0.925,0.295,-0.6300000000000001,57.99542548500881,60.3,96.17815171643252
bms_altitude_01241364627-2023-10-trip-14.csv,01241364627,EV6,0.795,0.39,-0.405,62.74542181069959,60.3,104.0554258883907
bms_altitude_01241364627-2023-09-trip-39.csv,01241364627,EV6,0.795,0.275,-0.52,58.28271634615385,60.3,96.65458763872944
bms_altitude_01241364638-2024-02-trip-46.csv,01241364638,EV6,0.965,0.43,-0.5349999999999999,53.11810488058152,60.3,88.08972617011861
bms_altitude_01241364627-2023-12-trip-20.csv,01241364627,EV6,0.785,0.22,-0.5650000000000001,59.965001229105205,60.3,99.44444648276153
bms_altitude_01241364627-2023-12-trip-21.csv,01241364627,EV6,0.78,0.295,-0.48500000000000004,59.3991981672394,60.3,98.50613294732902
bms_altitude_01241364627-2023-10-trip-21.csv,01241364627,EV6,0.795,0.28500000000000003,-0.51,61.0007843137255,60.3,101.16216304100413
bms_altitude_01241364627-2024-03-trip-8.csv,01241364627,EV6,0.855,0.355,-0.5,57.0429,60.3,94.59850746268657
bms_altitude_01241364627-2024-03-trip-11.csv,01241364627,EV6,0.84,0.27,-0.57,56.202256335282655,60.3,93.20440519947373
bms_altitude_01241364627-2023-09-trip-50.csv,01241364627,EV6,0.79,0.20500000000000002,-0.585,57.4645868945869,60.3,95.29782237908276
bms_altitude_01241364627-2023-12-trip-24.csv,01241364627,EV6,0.785,0.27,-0.515,61.64500943905069,60.3,102.23052974966946
bms_altitude_01241364627-2024-03-trip-14.csv,01241364627,EV6,0.855,0.34500000000000003,-0.51,56.94810185185186,60.3,94.44129660340276
bms_altitude_01241364638-2024-04-trip-31.csv,01241364638,EV6,0.785,0.34500000000000003,-0.44,59.553907828282824,60.3,98.76269954939109
bms_altitude_01241364627-2023-12-trip-29.csv,01241364627,EV6,0.785,0.265,-0.52,63.17998664529914,60.3,104.77609725588582
bms_altitude_01241364627-2024-03-trip-19.csv,01241364627,EV6,0.86,0.34,-0.52,58.84087606837607,60.3,97.58022565236496
bms_altitude_01241364627-2024-01-trip-5.csv,01241364627,EV6,0.765,0.28,-0.485,58.92728808705612,60.3,97.72352916593056
bms_altitude_01241364627-2024-03-trip-27.csv,01241364627,EV6,0.965,0.27,-0.695,56.51459632294166,60.3,93.72238196176063
bms_altitude_01241364627-2024-01-trip-15.csv,01241364627,EV6,0.785,0.315,-0.47000000000000003,61.115472813238775,60.3,101.3523595576099
bms_altitude_01241364627-2024-01-trip-18.csv,01241364627,EV6,0.675,0.26,-0.41500000000000004,58.136124497991965,60.3,96.41148341292201
bms_altitude_01241364627-2024-01-trip-30.csv,01241364627,EV6,0.785,0.255,-0.53,59.79209250524109,60.3,99.15769901366681
bms_altitude_01241364627-2024-04-trip-2.csv,01241364627,EV6,0.97,0.115,-0.855,55.24205084470436,60.3,91.61202461808352
bms_altitude_01241364627-2024-07-trip-3.csv,01241364627,EV6,0.965,0.22,-0.745,56.96992542878449,60.3,94.47748827327446
bms_altitude_01241364627-2024-01-trip-44.csv,01241364627,EV6,0.745,0.255,-0.49,58.32791099773243,60.3,96.72953730967237
bms_altitude_01241364627-2024-04-trip-16.csv,01241364627,EV6,0.97,0.165,-0.8049999999999999,56.01364820565908,60.3,92.8916222316071
bms_altitude_01241364627-2024-07-trip-16.csv,01241364627,EV6,0.785,0.32,-0.465,58.52506421744324,60.3,97.05649123954103
bms_altitude_01241364627-2024-07-trip-20.csv,01241364627,EV6,0.965,0.365,-0.6,57.20287268518518,60.3,94.8638021313187
bms_altitude_01241364627-2024-04-trip-23.csv,01241364627,EV6,0.96,0.25,-0.71,56.545532081377154,60.3,93.77368504374321
bms_altitude_01241364627-2024-07-trip-24.csv,01241364627,EV6,0.965,0.355,-0.61,57.43702413479052,60.3,95.25211299301911
bms_altitude_01241364627-2024-07-trip-28.csv,01241364627,EV6,0.965,0.24,-0.725,57.181000000000004,60.3,94.82752902155889
bms_altitude_01241364627-2024-07-trip-37.csv,01241364627,EV6,0.755,0.35000000000000003,-0.40499999999999997,54.93896262002744,60.3,91.10939074631416
bms_altitude_01241364627-2024-02-trip-1.csv,01241364627,EV6,0.78,0.375,-0.405,57.85192386831275,60.3,95.94017225259164
bms_altitude_01241364627-2024-02-trip-4.csv,01241364627,EV6,0.785,0.28,-0.505,59.994891364136414,60.3,99.49401552924779
bms_altitude_01241364627-2024-02-trip-6.csv,01241364627,EV6,0.965,0.365,-0.6,57.6349351851852,60.3,95.58032369019105
bms_altitude_01241364627-2024-02-trip-14.csv,01241364627,EV6,0.78,0.295,-0.48500000000000004,58.283645475372275,60.3,96.65612848320444
bms_altitude_01241364627-2024-02-trip-20.csv,01241364627,EV6,0.785,0.35000000000000003,-0.435,63.55210727969348,60.3,105.39321273581008
bms_altitude_01241364627-2024-02-trip-25.csv,01241364627,EV6,0.785,0.27,-0.515,59.2113996763754,60.3,98.19469266397248
bms_altitude_01241364627-2024-02-trip-29.csv,01241364627,EV6,0.68,0.25,-0.43000000000000005,59.79611111111111,60.3,99.16436336834347
bms_altitude_01241364627-2024-06-trip-23.csv,01241364627,EV6,0.715,0.29,-0.425,57.85323856209151,60.3,95.94235250761444
bms_altitude_01241364627-2024-06-trip-25.csv,01241364627,EV6,0.785,0.305,-0.48000000000000004,59.536519097222225,60.3,98.7338625161231
bms_altitude_01241364627-2024-06-trip-32.csv,01241364627,EV6,0.785,0.3,-0.48500000000000004,57.398532359679265,60.3,95.1882792034482
bms_altitude_01241364714-2024-06-trip-4.csv,01241364714,EV6,0.63,0.21,-0.42000000000000004,56.354983465608456,60.3,93.45768402256792
bms_altitude_01241364627-2024-05-trip-13.csv,01241364627,EV6,0.97,0.33,-0.6399999999999999,56.57956597222223,60.3,93.8301259904183
bms_altitude_01241364714-2024-05-trip-26.csv,01241364714,EV6,0.68,0.22,-0.4600000000000001,55.904758454106265,60.3,92.7110422124482
bms_altitude_01241364627-2024-02-trip-55.csv,01241364627,EV6,0.765,0.305,-0.46,58.92534420289854,60.3,97.72030547744369
bms_altitude_01241364627-2024-06-trip-40.csv,01241364627,EV6,0.97,0.335,-0.635,57.11364938757655,60.3,94.71583646364272
bms_altitude_01241364627-2024-06-trip-44.csv,01241364627,EV6,0.785,0.29,-0.49500000000000005,58.843723344556665,60.3,97.58494750341072
bms_altitude_01241364714-2024-05-trip-36.csv,01241364714,EV6,0.6,0.17,-0.42999999999999994,55.77860788113696,60.3,92.50183728215086
bms_01241227999-2024-02-trip-33.csv,01241227999,Ioniq5,0.965,0.47500000000000003,-0.48999999999999994,57.616095521541965,60.3,95.5490804669021
bms_altitude_01241364627-2024-05-trip-47.csv,01241364627,EV6,0.905,0.275,-0.63,56.81518187830688,60.3,94.220865469829
bms_01241227999-2023-12-trip-49.csv,01241227999,Ioniq5,0.785,0.375,-0.41000000000000003,60.89582655826557,60.3,100.9881037450507
bms_01241227999-2023-06-trip-49.csv,01241227999,Ioniq5,0.905,0.395,-0.51,57.626365740740745,60.3,95.56611233953689
bms_01241228005-2023-01-trip-34.csv,01241228005,Ioniq5,0.91,0.385,-0.525,56.998596560846565,60.3,94.52503575596445
bms_01241228005-2023-01-trip-36.csv,01241228005,Ioniq5,0.845,0.34,-0.5049999999999999,57.203846259625976,60.3,94.86541668263014
bms_01241228005-2023-02-trip-13.csv,01241228005,Ioniq5,0.9500000000000001,0.525,-0.42500000000000004,59.01851633986928,60.3,97.87481980077824
bms_01241228007-2023-01-trip-46.csv,01241228007,Ioniq5,0.965,0.245,-0.72,56.90246334876544,60.3,94.36561086030753
bms_01241228005-2023-12-trip-52.csv,01241228005,Ioniq5,0.715,0.27,-0.44499999999999995,56.39045880149813,60.3,93.51651542537003
bms_01241228009-2023-02-trip-6.csv,01241228009,Ioniq5,0.885,0.245,-0.64,59.24878906250001,60.3,98.25669827943616
bms_01241228009-2023-02-trip-10.csv,01241228009,Ioniq5,0.515,0.1,-0.41500000000000004,59.793186077643895,60.3,99.15951256657362
bms_01241228009-2023-02-trip-9.csv,01241228009,Ioniq5,0.85,0.28500000000000003,-0.565,56.46338003933136,60.3,93.63744616804539
bms_01241228009-2023-05-trip-13.csv,01241228009,Ioniq5,0.79,0.375,-0.41500000000000004,60.41476907630522,60.3,100.19033014312642
bms_01241228009-2023-05-trip-21.csv,01241228009,Ioniq5,0.87,0.385,-0.485,58.194524627720504,60.3,96.50833271595441
bms_01241228009-2023-11-trip-12.csv,01241228009,Ioniq5,0.88,0.395,-0.485,55.185624284077896,60.3,91.51844823230165
bms_01241228009-2023-11-trip-20.csv,01241228009,Ioniq5,0.79,0.28500000000000003,-0.505,56.624052530253024,60.3,93.90390137687069
bms_01241228009-2023-02-trip-58.csv,01241228009,Ioniq5,0.97,0.56,-0.4099999999999999,59.43690040650407,60.3,98.56865739055402
bms_01241228009-2023-11-trip-45.csv,01241228009,Ioniq5,0.935,0.505,-0.43000000000000005,57.59346414728681,60.3,95.51154916631313
bms_01241228009-2023-10-trip-33.csv,01241228009,Ioniq5,0.875,0.46,-0.415,58.957945113788476,60.3,97.77437000628272
bms_01241228009-2023-08-trip-2.csv,01241228009,Ioniq5,0.9400000000000001,0.51,-0.43000000000000005,57.955775193798445,60.3,96.11239667296591
bms_01241228009-2023-08-trip-19.csv,01241228009,Ioniq5,0.8250000000000001,0.3,-0.5250000000000001,56.92694444444442,60.3,94.4062096922793
bms_01241228014-2023-01-trip-41.csv,01241228014,Ioniq5,0.64,0.23500000000000001,-0.405,60.63882887517146,60.3,100.56190526562432
bms_01241228020-2023-04-trip-18.csv,01241228020,Ioniq5,0.765,0.335,-0.43,56.584741602067176,60.3,93.83870912448951
bms_01241228020-2023-04-trip-20.csv,01241228020,Ioniq5,0.9400000000000001,0.35000000000000003,-0.5900000000000001,58.671450094161955,60.3,97.2992538874991
bms_01241228020-2023-05-trip-53.csv,01241228020,Ioniq5,0.725,0.24,-0.485,55.368032646048114,60.3,91.82094966177134
bms_01241228020-2023-05-trip-55.csv,01241228020,Ioniq5,0.875,0.245,-0.63,58.38981261022927,60.3,96.8321933834648
bms_01241228020-2023-08-trip-6.csv,01241228020,Ioniq5,0.9400000000000001,0.355,-0.5850000000000001,58.00945512820512,60.3,96.2014181230599
bms_01241228020-2023-02-trip-34.csv,01241228020,Ioniq5,0.9550000000000001,0.33,-0.625,57.93806888888889,60.3,96.083032983232
bms_01241228020-2023-02-trip-57.csv,01241228020,Ioniq5,0.92,0.18,-0.74,58.699222972972976,60.3,97.34531172964009
bms_01241228020-2023-07-trip-32.csv,01241228020,Ioniq5,0.965,0.31,-0.655,58.073484944868525,60.3,96.3076035569959
bms_01241228020-2023-10-trip-1.csv,01241228020,Ioniq5,0.785,0.355,-0.43000000000000005,61.81580426356588,60.3,102.51377158136962
bms_01241228021-2023-04-trip-16.csv,01241228021,Ioniq5,0.785,0.325,-0.46,57.62528532608696,60.3,95.5643206071094
bms_01241228020-2023-07-trip-37.csv,01241228020,Ioniq5,0.77,0.265,-0.505,55.91825632563256,60.3,92.73342674234256
bms_01241228021-2023-04-trip-19.csv,01241228021,Ioniq5,0.785,0.08,-0.7050000000000001,58.06837371946414,60.3,96.29912722962544
bms_01241228021-2023-03-trip-5.csv,01241228021,Ioniq5,0.97,0.525,-0.44499999999999995,58.699200998751564,60.3,97.34527528814522
bms_01241228021-2023-03-trip-30.csv,01241228021,Ioniq5,0.65,0.15,-0.5,62.00556111111111,60.3,102.82845955408146
bms_01241228020-2024-01-trip-25.csv,01241228020,Ioniq5,0.9500000000000001,0.54,-0.41000000000000003,55.4756436314363,60.3,91.99940900735704
bms_01241228020-2024-01-trip-32.csv,01241228020,Ioniq5,0.785,0.2,-0.585,54.546039886039885,60.3,90.4577775887892
bms_01241228020-2024-01-trip-66.csv,01241228020,Ioniq5,0.93,0.28,-0.65,56.696540598290596,60.3,94.02411376167595
bms_01241228020-2024-01-trip-69.csv,01241228020,Ioniq5,0.68,0.22,-0.4600000000000001,56.81460144927536,60.3,94.21990290095417
bms_01241228014-2023-12-trip-66.csv,01241228014,Ioniq5,0.5750000000000001,0.1,-0.4750000000000001,54.29219005847952,60.3,90.03679943363105
bms_01241228020-2023-12-trip-53.csv,01241228020,Ioniq5,0.965,0.31,-0.655,55.881435538592015,60.3,92.67236407726703
bms_01241228021-2023-11-trip-65.csv,01241228021,Ioniq5,0.8200000000000001,0.395,-0.42500000000000004,56.64996568627451,60.3,93.94687510161611
bms_01241228020-2023-12-trip-55.csv,01241228020,Ioniq5,0.965,0.14,-0.825,56.795936026936026,60.3,94.18894863505146
bms_01241228021-2023-11-trip-66.csv,01241228021,Ioniq5,0.56,0.155,-0.405,58.23915123456789,60.3,96.58234035583398
bms_01241228024-2023-02-trip-18.csv,01241228024,Ioniq5,0.96,0.34,-0.6199999999999999,57.95294914874554,60.3,96.10771003108714
bms_01241228024-2023-02-trip-21.csv,01241228024,Ioniq5,0.875,0.23500000000000001,-0.64,60.41252821180556,60.3,100.1866139499263
bms_01241228024-2023-03-trip-23.csv,01241228024,Ioniq5,0.96,0.385,-0.575,57.90792028985508,60.3,96.033035306559
bms_01241228025-2023-01-trip-39.csv,01241228025,Ioniq5,0.765,0.35000000000000003,-0.415,57.0763186077644,60.3,94.65392803941029
bms_01241228025-2023-01-trip-48.csv,01241228025,Ioniq5,0.89,0.42,-0.47000000000000003,57.90912677304964,60.3,96.03503610787669
bms_01241228025-2023-02-trip-33.csv,01241228025,Ioniq5,0.885,0.44,-0.445,59.27717540574282,60.3,98.30377347552707
bms_01241228025-2023-02-trip-73.csv,01241228025,Ioniq5,0.89,0.445,-0.445,58.85112359550562,60.3,97.59721989304416
bms_01241228025-2023-05-trip-54.csv,01241228025,Ioniq5,0.85,0.145,-0.705,55.770553585500394,60.3,92.48848024129418
bms_01241228025-2023-06-trip-43.csv,01241228025,Ioniq5,0.76,0.26,-0.5,57.3501875,60.3,95.10810530679935
bms_01241228025-2023-12-trip-41.csv,01241228025,Ioniq5,0.725,0.315,-0.41,56.30756097560975,60.3,93.37903976054686
bms_01241228025-2023-12-trip-49.csv,01241228025,Ioniq5,0.635,0.115,-0.52,52.929700854700855,60.3,87.77728168275432
bms_01241228025-2023-12-trip-69.csv,01241228025,Ioniq5,0.63,0.225,-0.405,54.32728223593963,60.3,90.09499541615196
bms_01241228037-2023-03-trip-9.csv,01241228037,Ioniq5,0.965,0.48,-0.485,58.22436998854525,60.3,96.55782751002529
bms_01241228037-2023-03-trip-13.csv,01241228037,Ioniq5,0.795,0.315,-0.48000000000000004,61.673729745370366,60.3,102.27815878170874
bms_01241228037-2023-12-trip-7.csv,01241228037,Ioniq5,0.96,0.47000000000000003,-0.48999999999999994,57.31636196145126,60.3,95.0520098863205
bms_01241228046-2023-01-trip-14.csv,01241228046,Ioniq5,0.715,0.18,-0.5349999999999999,55.129567757009355,60.3,91.4254855008447
bms_01241228046-2023-01-trip-15.csv,01241228046,Ioniq5,0.73,0.325,-0.40499999999999997,62.384319272976676,60.3,103.45658254224988
bms_01241228046-2023-01-trip-18.csv,01241228046,Ioniq5,0.875,0.25,-0.625,55.85654888888889,60.3,92.63109268472452
bms_01241228046-2023-01-trip-19.csv,01241228046,Ioniq5,0.6950000000000001,0.22,-0.4750000000000001,59.819516081871335,60.3,99.20317758187618
bms_01241228046-2023-01-trip-25.csv,01241228046,Ioniq5,0.9500000000000001,0.44,-0.51,57.558017429193896,60.3,95.45276522254377
bms_01241228046-2023-06-trip-8.csv,01241228046,Ioniq5,0.96,0.47000000000000003,-0.48999999999999994,58.0824433106576,60.3,96.32245988500432
bms_01241228046-2023-01-trip-29.csv,01241228046,Ioniq5,0.965,0.365,-0.6,57.744511574074075,60.3,95.76204241139979
bms_01241228044-2023-10-trip-42.csv,01241228044,Ioniq5,0.755,0.35000000000000003,-0.40499999999999997,54.88256687242799,60.3,91.01586546007958
bms_01241228046-2023-05-trip-13.csv,01241228046,Ioniq5,0.935,0.25,-0.685,55.95505778588808,60.3,92.79445735636497
bms_01241228046-2023-05-trip-18.csv,01241228046,Ioniq5,0.97,0.195,-0.7749999999999999,55.75252867383513,60.3,92.45858818214782
bms_01241228046-2023-10-trip-6.csv,01241228046,Ioniq5,0.785,0.145,-0.64,56.6323611111111,60.3,93.91768011792885
bms_01241228046-2023-10-trip-7.csv,01241228046,Ioniq5,0.97,0.5650000000000001,-0.4049999999999999,57.776351165980806,60.3,95.81484438802788
bms_01241228046-2023-10-trip-8.csv,01241228046,Ioniq5,0.76,0.31,-0.45,58.573376543209875,60.3,97.13661118276929
bms_01241228046-2023-09-trip-57.csv,01241228046,Ioniq5,0.9500000000000001,0.13,-0.8200000000000001,56.50223915989159,60.3,93.70188915404907
bms_01241228046-2023-12-trip-3.csv,01241228046,Ioniq5,0.905,0.215,-0.6900000000000001,54.318393719806764,60.3,90.08025492505269
bms_01241228046-2023-09-trip-64.csv,01241228046,Ioniq5,0.78,0.34500000000000003,-0.435,56.39182630906769,60.3,93.51878326545221
bms_01241228047-2023-01-trip-5.csv,01241228047,Ioniq5,0.9,0.365,-0.535,57.26278296988577,60.3,94.96315583728983
bms_01241228046-2023-12-trip-10.csv,01241228046,Ioniq5,0.785,0.13,-0.655,56.522396098388455,60.3,93.73531691275035
bms_01241228047-2023-01-trip-16.csv,01241228047,Ioniq5,0.735,0.23500000000000001,-0.5,60.24431666666666,60.3,99.90765616362631
bms_01241228047-2023-01-trip-19.csv,01241228047,Ioniq5,0.785,0.245,-0.54,60.75893389917695,60.3,100.76108440991203
bms_01241228046-2023-12-trip-39.csv,01241228046,Ioniq5,0.785,0.265,-0.52,58.724083867521365,60.3,97.3865404104832
bms_01241228047-2023-11-trip-14.csv,01241228047,Ioniq5,0.89,0.45,-0.44,55.400729166666665,60.3,91.87517274737425
bms_01241248790-2023-11-trip-38.csv,01241248790,Ioniq5,0.6,0.09,-0.51,56.980973583878,60.3,94.4958102551874
bms_01241248790-2023-08-trip-4.csv,01241248790,Ioniq5,0.89,0.34,-0.55,57.26039520202019,60.3,94.95919602325074
bms_01241248790-2023-08-trip-5.csv,01241248790,Ioniq5,0.625,0.19,-0.435,58.038775542784165,60.3,96.25004235950941
bms_01241248782-2023-06-trip-11.csv,01241248782,Ioniq5,0.785,0.355,-0.43000000000000005,56.87131136950904,60.3,94.3139492031659
bms_01241248811-2023-02-trip-44.csv,01241248811,Ioniq5,0.86,0.435,-0.425,42.053119281045745,60.3,69.73983297022512
bms_01241248790-2023-09-trip-35.csv,01241248790,Ioniq5,0.785,0.34500000000000003,-0.44,57.528838383838384,60.3,95.40437542925105
bms_01241248782-2023-07-trip-49.csv,01241248782,Ioniq5,0.965,0.525,-0.43999999999999995,56.35276830808082,60.3,93.45401046116223
bms_01241248782-2023-08-trip-22.csv,01241248782,Ioniq5,0.9550000000000001,0.425,-0.53,56.71498951781971,60.3,94.05470898477564
bms_01241248782-2024-02-trip-7.csv,01241248782,Ioniq5,0.97,0.5,-0.47,55.95460106382979,60.3,92.79369994001624
bms_01241248790-2023-05-trip-58.csv,01241248790,Ioniq5,0.6,0.11,-0.49,55.56363378684808,60.3,92.14532966309798
bms_01241248782-2024-02-trip-18.csv,01241248782,Ioniq5,0.875,0.275,-0.6,56.934182870370364,60.3,94.41821371537374
bms_01241248782-2024-02-trip-22.csv,01241248782,Ioniq5,0.875,0.41500000000000004,-0.45999999999999996,58.377412439613536,60.3,96.81162925309044
bms_01241248782-2024-02-trip-36.csv,01241248782,Ioniq5,0.96,0.375,-0.585,56.976982431149096,60.3,94.48919142810796
bms_01241248790-2024-01-trip-14.csv,01241248790,Ioniq5,0.965,0.405,-0.5599999999999999,57.74032738095239,60.3,95.75510345099899
bms_01241248790-2024-01-trip-15.csv,01241248790,Ioniq5,0.755,0.19,-0.565,59.969215830875136,60.3,99.45143587209807
bms_01241248811-2023-09-trip-23.csv,01241248811,Ioniq5,0.655,0.25,-0.405,56.736042524005484,60.3,94.08962275954475
bms_01241248790-2024-01-trip-21.csv,01241248790,Ioniq5,0.9400000000000001,0.25,-0.6900000000000001,55.82168780193236,60.3,92.5732799368696
bms_01241248790-2024-01-trip-22.csv,01241248790,Ioniq5,0.555,0.12,-0.43500000000000005,59.736593231162196,60.3,99.06566041652106
bms_01241248811-2023-06-trip-68.csv,01241248811,Ioniq5,0.965,0.555,-0.4099999999999999,58.5683265582656,60.3,97.12823641503418
bms_01241248790-2024-01-trip-36.csv,01241248790,Ioniq5,0.74,0.335,-0.40499999999999997,55.820260631001375,60.3,92.57091315257277
bms_01241248811-2023-05-trip-65.csv,01241248811,Ioniq5,0.9400000000000001,0.3,-0.6400000000000001,57.097862413194434,60.3,94.68965574327436
bms_01241248811-2023-05-trip-72.csv,01241248811,Ioniq5,0.6950000000000001,0.295,-0.4000000000000001,60.708319444444435,60.3,100.6771466740372
bms_01241248811-2023-08-trip-39.csv,01241248811,Ioniq5,0.915,0.5,-0.41500000000000004,58.2483483935743,60.3,96.5975926924947
bms_01241248811-2023-08-trip-45.csv,01241248811,Ioniq5,0.855,0.42,-0.435,56.782709131545346,60.3,94.16701348514984
bms_01241248811-2023-08-trip-48.csv,01241248811,Ioniq5,0.875,0.445,-0.43,58.887520994832045,60.3,97.65758042260705
bms_01241248811-2023-07-trip-66.csv,01241248811,Ioniq5,0.93,0.465,-0.465,56.22656063321385,60.3,93.24471083451716
bms_01241248811-2024-01-trip-31.csv,01241248811,Ioniq5,0.865,0.39,-0.475,54.88101461988305,60.3,91.01329124358715
bms_01241248811-2023-12-trip-34.csv,01241248811,Ioniq5,0.93,0.425,-0.5050000000000001,55.38792354235422,60.3,91.85393622280966
bms_01241248811-2024-01-trip-33.csv,01241248811,Ioniq5,0.855,0.32,-0.5349999999999999,55.51985981308411,60.3,92.07273600843136
bms_01241248811-2023-12-trip-73.csv,01241248811,Ioniq5,0.9550000000000001,0.5,-0.45500000000000007,58.233894993894985,60.3,96.57362353879766
bms_01241248811-2024-01-trip-85.csv,01241248811,Ioniq5,0.635,0.22,-0.41500000000000004,55.606141231593035,60.3,92.21582293796524
bms_01241248820-2023-10-trip-1.csv,01241248820,Ioniq5,0.9550000000000001,0.265,-0.6900000000000001,57.02221417069243,60.3,94.56420260479673
bms_01241248820-2023-02-trip-47.csv,01241248820,Ioniq5,0.9450000000000001,0.495,-0.45000000000000007,59.979688271604935,60.3,99.46880310382245
bms_01241248820-2023-05-trip-12.csv,01241248820,Ioniq5,0.935,0.525,-0.41000000000000003,58.596456639566384,60.3,97.17488663278007
bms_01241248820-2023-07-trip-16.csv,01241248820,Ioniq5,0.9400000000000001,0.515,-0.42500000000000004,58.28467810457516,60.3,96.6578409694447
bms_01241248820-2023-02-trip-54.csv,01241248820,Ioniq5,0.635,0.17,-0.46499999999999997,55.773530465949825,60.3,92.49341702479241
bms_01241248815-2024-01-trip-39.csv,01241248815,Ioniq5,0.9500000000000001,0.225,-0.7250000000000001,57.508300766283526,60.3,95.3703163619959
bms_01241248820-2023-07-trip-19.csv,01241248820,Ioniq5,0.92,0.15,-0.77,56.21269841269841,60.3,93.22172207744347
bms_01241248820-2023-05-trip-26.csv,01241248820,Ioniq5,0.78,0.355,-0.42500000000000004,56.080176470588235,60.3,93.0019510291679
bms_01241248815-2024-01-trip-42.csv,01241248815,Ioniq5,0.76,0.195,-0.565,57.29430432645035,60.3,95.01543006044835
bms_01241248820-2023-04-trip-27.csv,01241248820,Ioniq5,0.88,0.16,-0.72,58.21811728395062,60.3,96.54745818233934
bms_01241248820-2023-05-trip-42.csv,01241248820,Ioniq5,0.81,0.34500000000000003,-0.465,60.95764187574671,60.3,101.09061670936437
bms_01241248820-2023-04-trip-38.csv,01241248820,Ioniq5,0.9400000000000001,0.35000000000000003,-0.5900000000000001,57.82447033898303,60.3,95.89464401158048
bms_01241248820-2023-09-trip-32.csv,01241248820,Ioniq5,0.925,0.41000000000000003,-0.515,57.385862998921255,60.3,95.16726865492745
bms_01241248820-2023-11-trip-21.csv,01241248820,Ioniq5,0.9400000000000001,0.12,-0.8200000000000001,57.621424457994564,60.3,95.55791784078701
bms_01241248820-2023-11-trip-22.csv,01241248820,Ioniq5,0.9550000000000001,0.485,-0.4700000000000001,57.06302009456264,60.3,94.63187412033605
bms_01241248820-2023-09-trip-34.csv,01241248820,Ioniq5,0.62,0.17500000000000002,-0.44499999999999995,53.17058988764045,60.3,88.17676598281999
bms_01241248820-2024-01-trip-17.csv,01241248820,Ioniq5,0.965,0.215,-0.75,56.37509444444444,60.3,93.49103556292611
bms_01241248820-2024-01-trip-18.csv,01241248820,Ioniq5,0.89,0.32,-0.5700000000000001,59.232090643274844,60.3,98.22900604191517
bms_01241248820-2023-09-trip-53.csv,01241248820,Ioniq5,0.93,0.21,-0.7200000000000001,54.83907214506172,60.3,90.94373490059986
bms_01241248820-2023-12-trip-32.csv,01241248820,Ioniq5,0.74,0.245,-0.495,56.82260101010101,60.3,94.23316917098012
bms_01241248820-2023-12-trip-37.csv,01241248820,Ioniq5,0.895,0.44,-0.455,61.210931013431015,60.3,101.51066503056553
bms_01241248827-2023-12-trip-18.csv,01241248827,Ioniq5,0.97,0.555,-0.4149999999999999,56.73010040160643,60.3,94.079768493543
bms_01241364543-2024-01-trip-28.csv,01241364543,Ioniq5,0.885,0.455,-0.43,56.64325904392766,60.3,93.9357529750044
bms_01241248919-2024-03-trip-44.csv,01241248919,Ioniq5,0.86,0.315,-0.5449999999999999,57.29549184505608,60.3,95.01739941136995
bms_01241364543-2024-08-trip-41.csv,01241364543,Ioniq5,0.89,0.43,-0.46,56.06123792270532,60.3,92.97054381874845
bms_01241364543-2024-08-trip-67.csv,01241364543,Ioniq5,0.76,0.325,-0.435,57.04227011494254,60.3,94.59746287718498
bms_01241364560-2024-05-trip-14.csv,01241364560,Ioniq5,0.97,0.49,-0.48,56.07567997685185,60.3,92.99449415729993
bms_01241364560-2023-11-trip-30.csv,01241364560,Ioniq5,0.5650000000000001,0.15,-0.41500000000000004,55.690605756358764,60.3,92.35589677671437
bms_01241364560-2024-03-trip-1.csv,01241364560,Ioniq5,0.5750000000000001,0.15,-0.42500000000000004,54.05285294117647,60.3,89.63988879133743
bms_01241364560-2024-02-trip-58.csv,01241364560,Ioniq5,0.79,0.365,-0.42500000000000004,53.521336601307176,60.3,88.75843549138835
bms_01241364570-2024-02-trip-13.csv,01241364570,Ioniq5,0.715,0.31,-0.40499999999999997,55.27104938271606,60.3,91.66011506254736
bms_01241364560-2024-01-trip-28.csv,01241364560,Ioniq5,0.63,0.215,-0.41500000000000004,56.46219210174029,60.3,93.63547612228905
bms_01241364560-2024-01-trip-37.csv,01241364560,Ioniq5,0.745,0.23500000000000001,-0.51,54.05601034858387,60.3,89.64512495619216
bms_01241364560-2024-01-trip-46.csv,01241364560,Ioniq5,0.635,0.185,-0.45,53.396862654321,60.3,88.55201103535822
bms_01241364560-2024-01-trip-60.csv,01241364560,Ioniq5,0.63,0.13,-0.5,53.24988611111111,60.3,88.30826884098029
bms_01241364581-2023-08-trip-6.csv,01241364581,Ioniq5,0.8300000000000001,0.315,-0.5150000000000001,55.64019956850052,60.3,92.272304425374
bms_01241364581-2024-01-trip-31.csv,01241364581,Ioniq5,0.0,0.8250000000000001,0.8250000000000001,1.0579124579124577,60.3,1.7544153530886528
bms_01241364581-2023-12-trip-64.csv,01241364581,Ioniq5,0.5700000000000001,0.16,-0.41000000000000003,58.26233062330623,60.3,96.6207804698279
bms_01241592907-2024-02-trip-19.csv,01241592907,Ioniq5,0.8200000000000001,0.27,-0.55,58.02536868686869,60.3,96.22780876760977
bms_01241592907-2024-03-trip-7.csv,01241592907,Ioniq5,0.78,0.29,-0.49000000000000005,59.420555555555545,60.3,98.54155150175049
bms_altitude_01241321944-2024-03-trip-34.csv,01241321944,Ioniq5,0.665,0.25,-0.41500000000000004,56.197141900937076,60.3,93.1959235504761
bms_altitude_01241597802-2024-03-trip-2.csv,01241597802,Ioniq5,0.855,0.33,-0.5249999999999999,56.95080952380954,60.3,94.44578693832429
bms_altitude_01241597802-2024-02-trip-33.csv,01241597802,Ioniq5,0.8200000000000001,0.145,-0.675,56.19194444444444,60.3,93.18730421964251
bms_01241228108-2023-08-trip-24.csv,01241228108,GV60,0.545,0.095,-0.45000000000000007,54.521949074074065,55.6,98.06105948574472
bms_altitude_01241228131-2023-12-trip-35.csv,01241228131,GV60,0.96,0.16,-0.7999999999999999,56.135295138888885,55.6,100.96276104116706
bms_altitude_01241228131-2023-12-trip-38.csv,01241228131,GV60,0.91,0.46,-0.45,56.678842592592595,55.6,101.94036437516654
bms_altitude_01241228131-2024-02-trip-31.csv,01241228131,GV60,0.515,0.115,-0.4,53.872734375,55.6,96.89340714928058
bms_altitude_01241228137-2024-03-trip-19.csv,01241228137,GV60,0.8,0.37,-0.43000000000000005,56.873803294573634,55.6,102.29101311973675
bms_altitude_01241228137-2024-02-trip-51.csv,01241228137,GV60,0.855,0.37,-0.485,55.87973367697594,55.6,100.50311812405744
bms_altitude_01241228138-2023-10-trip-2.csv,01241228138,GV60,0.51,0.0,-0.51,4.038090958605665,55.6,7.262753522672058
bms_01241228177-2023-04-trip-4.csv,01241228177,Porter2EV,0.79,0.265,-0.525,60.42418871252205,60.0,100.70698118753675
bms_01241228177-2023-04-trip-7.csv,01241228177,Porter2EV,0.81,0.29,-0.52,65.1040153133903,60.0,108.50669218898383
bms_01241228177-2023-07-trip-18.csv,01241228177,Porter2EV,0.935,0.2,-0.7350000000000001,61.3037994457042,60.0,102.17299907617368
bms_01241228177-2023-05-trip-54.csv,01241228177,Porter2EV,0.905,0.48,-0.42500000000000004,62.60857298474945,60.0,104.34762164124909
bms_01241228177-2023-09-trip-9.csv,01241228177,Porter2EV,0.79,0.38,-0.41000000000000003,60.89934281842818,60.0,101.4989046973803
bms_01241228177-2023-10-trip-37.csv,01241228177,Porter2EV,0.88,0.42,-0.46,62.07014895330113,60.0,103.45024825550189
bms_01241228177-2023-11-trip-31.csv,01241228177,Porter2EV,0.86,0.255,-0.605,62.04830884603612,60.0,103.41384807672686
bms_01241228192-2023-02-trip-11.csv,01241228192,Porter2EV,0.87,0.15,-0.72,60.86794045781893,60.0,101.44656742969822
bms_01241228177-2023-12-trip-41.csv,01241228177,Porter2EV,0.9450000000000001,0.51,-0.43500000000000005,64.67560025542782,60.0,107.79266709237972
bms_01241228192-2023-02-trip-16.csv,01241228192,Porter2EV,0.855,0.24,-0.615,62.83939250225835,60.0,104.73232083709725
bms_01241228192-2023-02-trip-17.csv,01241228192,Porter2EV,0.775,0.27,-0.505,65.02274477447746,60.0,108.37124129079577
bms_01241228192-2023-04-trip-33.csv,01241228192,Porter2EV,0.655,0.19,-0.465,58.653338311429714,60.0,97.75556385238285
bms_01241228192-2023-08-trip-4.csv,01241228192,Porter2EV,0.9400000000000001,0.355,-0.5850000000000001,61.019984172206385,60.0,101.69997362034397
bms_01241228192-2023-08-trip-7.csv,01241228192,Porter2EV,0.965,0.375,-0.59,62.33214532328939,60.0,103.88690887214898
bms_01241228192-2023-10-trip-22.csv,01241228192,Porter2EV,0.75,0.29,-0.46,58.8559883252818,60.0,98.09331387546966
bms_01241228192-2023-11-trip-28.csv,01241228192,Porter2EV,0.915,0.325,-0.5900000000000001,61.83565128688009,60.0,103.05941881146683
bms_altitude_01241228160-2023-10-trip-4.csv,01241228160,Porter2EV,0.61,0.2,-0.41,64.53435862691961,60.0,107.55726437819935
bms_altitude_01241228160-2023-11-trip-4.csv,01241228160,Porter2EV,0.67,0.13,-0.54,58.989602194787366,60.0,98.31600365797894
bms_altitude_01241228160-2023-08-trip-27.csv,01241228160,Porter2EV,0.8250000000000001,0.25,-0.5750000000000001,63.38604025764894,60.0,105.64340042941491
bms_altitude_01241228160-2023-12-trip-2.csv,01241228160,Porter2EV,0.66,0.21,-0.45000000000000007,64.21222942386831,60.0,107.02038237311385
bms_altitude_01241228160-2023-11-trip-18.csv,01241228160,Porter2EV,0.8150000000000001,0.34,-0.47500000000000003,59.31734502923977,60.0,98.86224171539962
bms_altitude_01241228160-2024-02-trip-1.csv,01241228160,Porter2EV,0.965,0.46,-0.5049999999999999,64.18394572790613,60.0,106.97324287984355
bms_altitude_01241228160-2023-09-trip-25.csv,01241228160,Porter2EV,0.645,0.23,-0.41500000000000004,67.5008277554663,60.0,112.50137959244384
bms_altitude_01241228160-2023-10-trip-22.csv,01241228160,Porter2EV,0.72,0.29,-0.43,57.36102067183464,60.0,95.6017011197244
bms_altitude_01241228160-2024-02-trip-12.csv,01241228160,Porter2EV,0.985,0.355,-0.63,60.560346854791284,60.0,100.93391142465214
bms_altitude_01241228160-2023-09-trip-36.csv,01241228160,Porter2EV,0.745,0.325,-0.42,66.62223214285714,60.0,111.03705357142857
bms_altitude_01241228160-2023-12-trip-26.csv,01241228160,Porter2EV,0.795,0.20500000000000002,-0.5900000000000001,60.20717827997488,60.0,100.34529713329148
bms_altitude_01241228160-2024-03-trip-11.csv,01241228160,Porter2EV,0.685,0.27,-0.41500000000000004,65.64273315484158,60.0,109.4045552580693
bms_altitude_01241228160-2024-02-trip-16.csv,01241228160,Porter2EV,0.9550000000000001,0.465,-0.49000000000000005,64.25878212396069,60.0,107.09797020660115
bms_altitude_01241228160-2023-09-trip-39.csv,01241228160,Porter2EV,0.735,0.24,-0.495,59.12908716797605,60.0,98.54847861329343
bms_altitude_01241228160-2023-09-trip-42.csv,01241228160,Porter2EV,0.96,0.385,-0.575,63.763963768115964,60.0,106.27327294685993
bms_altitude_01241228160-2024-03-trip-16.csv,01241228160,Porter2EV,0.965,0.25,-0.715,61.41661939911941,60.0,102.36103233186569
bms_altitude_01241228160-2024-03-trip-17.csv,01241228160,Porter2EV,0.715,0.305,-0.41,69.02143066847334,60.0,115.03571778078891
bms_altitude_01241228160-2023-11-trip-43.csv,01241228160,Porter2EV,0.8150000000000001,0.325,-0.49000000000000005,61.432250566893416,60.0,102.38708427815568
bms_altitude_01241228160-2024-03-trip-21.csv,01241228160,Porter2EV,0.78,0.255,-0.525,65.5251216931217,60.0,109.20853615520285
bms_altitude_01241228160-2023-12-trip-40.csv,01241228160,Porter2EV,0.795,0.18,-0.615,58.74034477566998,60.0,97.90057462611664
bms_altitude_01241228160-2024-03-trip-24.csv,01241228160,Porter2EV,0.68,0.215,-0.4650000000000001,65.4098387096774,60.0,109.01639784946234
bms_altitude_01241228160-2023-12-trip-41.csv,01241228160,Porter2EV,0.62,0.185,-0.435,66.56706896551724,60.0,110.94511494252872
bms_altitude_01241228160-2024-03-trip-25.csv,01241228160,Porter2EV,0.8250000000000001,0.38,-0.44500000000000006,62.267093216812306,60.0,103.77848869468718
bms_altitude_01241228160-2023-12-trip-44.csv,01241228160,Porter2EV,0.8150000000000001,0.315,-0.5,67.25746666666667,60.0,112.0957777777778
bms_altitude_01241228160-2023-11-trip-57.csv,01241228160,Porter2EV,0.685,0.23,-0.45500000000000007,61.22825905575905,60.0,102.04709842626507
bms_altitude_01241228160-2024-03-trip-35.csv,01241228160,Porter2EV,0.9550000000000001,0.52,-0.43500000000000005,63.8480332056194,60.0,106.41338867603234
bms_altitude_01241228160-2024-04-trip-42.csv,01241228160,Porter2EV,0.715,0.19,-0.5249999999999999,64.35990476190477,60.0,107.26650793650796
bms_altitude_01241228160-2024-04-trip-41.csv,01241228160,Porter2EV,0.72,0.20500000000000002,-0.5149999999999999,56.287164688960814,60.0,93.81194114826802
bms_altitude_01241228160-2024-06-trip-4.csv,01241228160,Porter2EV,0.965,0.35000000000000003,-0.615,62.69477115326709,60.0,104.49128525544515
bms_altitude_01241228160-2024-06-trip-6.csv,01241228160,Porter2EV,0.79,0.29,-0.5,62.91457962962963,60.0,104.85763271604938
bms_altitude_01241228171-2024-01-trip-14.csv,01241228171,Porter2EV,0.755,0.255,-0.5,65.03871851851852,60.0,108.39786419753088
bms_altitude_01241228171-2024-02-trip-12.csv,01241228171,Porter2EV,0.8150000000000001,0.225,-0.5900000000000001,61.48088826114248,60.0,102.46814710190412
bms_altitude_01241228171-2024-01-trip-16.csv,01241228171,Porter2EV,0.795,0.315,-0.48000000000000004,65.6077411265432,60.0,109.34623521090533
bms_altitude_01241228171-2024-01-trip-17.csv,01241228171,Porter2EV,0.755,0.215,-0.54,64.216731824417,60.0,107.02788637402834
bms_altitude_01241228171-2024-04-trip-45.csv,01241228171,Porter2EV,0.725,0.295,-0.43,59.81426141257537,60.0,99.69043568762561
bms_altitude_01241228171-2024-02-trip-70.csv,01241228171,Porter2EV,0.93,0.1,-0.8300000000000001,61.411429049531456,60.0,102.3523817492191
bms_altitude_01241228171-2024-01-trip-76.csv,01241228171,Porter2EV,0.635,0.095,-0.54,58.08108453360768,60.0,96.8018075560128
bms_altitude_01241228171-2024-07-trip-16.csv,01241228171,Porter2EV,0.735,0.32,-0.415,59.48795850066934,60.0,99.14659750111558
bms_altitude_01241228188-2023-08-trip-11.csv,01241228188,Porter2EV,0.755,0.18,-0.575,59.04092431561997,60.0,98.40154052603329
bms_altitude_01241228188-2023-08-trip-18.csv,01241228188,Porter2EV,0.775,0.245,-0.53,60.10314814814815,60.0,100.17191358024691
bms_altitude_01241228188-2023-08-trip-30.csv,01241228188,Porter2EV,0.0,0.5,0.5,35.00999629629629,60.0,58.34999382716048
bms_altitude_01241228188-2023-08-trip-60.csv,01241228188,Porter2EV,0.885,0.395,-0.49,61.49792328042328,60.0,102.49653880070547
bms_altitude_01241228188-2023-08-trip-61.csv,01241228188,Porter2EV,0.785,0.34500000000000003,-0.44,64.95899410774412,60.0,108.26499017957354
bms_altitude_01241228188-2023-11-trip-27.csv,01241228188,Porter2EV,0.935,0.515,-0.42000000000000004,62.98794312169312,60.0,104.97990520282188
bms_altitude_01241228188-2023-10-trip-37.csv,01241228188,Porter2EV,0.78,0.165,-0.615,62.290308641975315,60.0,103.81718106995885
bms_altitude_01241228188-2023-10-trip-40.csv,01241228188,Porter2EV,0.8300000000000001,0.31,-0.52,61.64895299145299,60.0,102.74825498575497
bms_altitude_01241228188-2023-09-trip-46.csv,01241228188,Porter2EV,0.905,0.335,-0.5700000000000001,61.68613060428849,60.0,102.81021767381415
bms_altitude_01241228188-2023-09-trip-49.csv,01241228188,Porter2EV,0.77,0.23500000000000001,-0.535,62.1161137071651,60.0,103.52685617860851
bms_altitude_01241228188-2023-11-trip-57.csv,01241228188,Porter2EV,0.55,0.145,-0.405,58.524997713763135,60.0,97.5416628562719
bms_altitude_01241228188-2023-11-trip-60.csv,01241228188,Porter2EV,0.735,0.25,-0.485,64.45008591065293,60.0,107.41680985108822
bms_altitude_01241228188-2023-09-trip-55.csv,01241228188,Porter2EV,0.65,0.23,-0.42000000000000004,62.26463955026454,60.0,103.7743992504409
bms_01241228179-2023-02-trip-13.csv,01241228179,Bongo3EV,0.85,0.21,-0.64,62.204105902777776,60.0,103.67350983796295
bms_01241228179-2023-02-trip-19.csv,01241228179,Bongo3EV,0.87,0.41500000000000004,-0.45499999999999996,63.291284086284094,60.0,105.48547347714015
bms_01241228179-2023-03-trip-37.csv,01241228179,Bongo3EV,0.88,0.42,-0.46,63.53801328502415,60.0,105.89668880837357
bms_01241228179-2023-06-trip-4.csv,01241228179,Bongo3EV,0.8250000000000001,0.365,-0.4600000000000001,64.29949677938808,60.0,107.1658279656468
bms_01241228179-2023-05-trip-12.csv,01241228179,Bongo3EV,0.97,0.355,-0.615,62.47727566997893,60.0,104.12879278329821
bms_01241228179-2023-06-trip-7.csv,01241228179,Bongo3EV,0.92,0.455,-0.465,63.023198924731176,60.0,105.03866487455196
bms_01241228179-2023-03-trip-61.csv,01241228179,Bongo3EV,0.89,0.42,-0.47000000000000003,63.85931934594168,60.0,106.43219890990278
bms_01241228179-2023-03-trip-63.csv,01241228179,Bongo3EV,0.775,0.375,-0.4,65.5523298611111,60.0,109.25388310185184
bms_01241228179-2023-04-trip-26.csv,01241228179,Bongo3EV,0.935,0.445,-0.49000000000000005,63.28355253212395,60.0,105.47258755353992
bms_01241228179-2023-04-trip-27.csv,01241228179,Bongo3EV,0.85,0.365,-0.485,63.6653455517373,60.0,106.10890925289551
bms_01241228179-2023-05-trip-22.csv,01241228179,Bongo3EV,0.845,0.335,-0.51,63.685927741466955,60.0,106.14321290244493
bms_01241228179-2023-05-trip-24.csv,01241228179,Bongo3EV,0.845,0.405,-0.43999999999999995,62.56904882154884,60.0,104.28174803591472
bms_01241228179-2023-05-trip-25.csv,01241228179,Bongo3EV,0.81,0.36,-0.45000000000000007,64.80456584362139,60.0,108.00760973936899
bms_01241228179-2023-07-trip-12.csv,01241228179,Bongo3EV,0.9,0.42,-0.48000000000000004,61.57282889660493,60.0,102.62138149434155
bms_01241228179-2023-04-trip-38.csv,01241228179,Bongo3EV,0.965,0.52,-0.44499999999999995,63.2579785684561,60.0,105.42996428076017
bms_01241228179-2023-03-trip-80.csv,01241228179,Bongo3EV,0.77,0.22,-0.55,63.593643939393935,60.0,105.98940656565657
bms_01241228179-2023-06-trip-29.csv,01241228179,Bongo3EV,0.915,0.39,-0.525,62.98941887125219,60.0,104.98236478542032
bms_01241228179-2023-04-trip-42.csv,01241228179,Bongo3EV,0.965,0.48,-0.485,62.96881061473845,60.0,104.94801769123075
bms_01241228179-2023-04-trip-49.csv,01241228179,Bongo3EV,0.965,0.465,-0.49999999999999994,63.143987037037036,60.0,105.23997839506171
bms_01241228179-2023-05-trip-44.csv,01241228179,Bongo3EV,0.875,0.34,-0.5349999999999999,62.17455953617169,60.0,103.62426589361948
bms_01241228179-2023-06-trip-36.csv,01241228179,Bongo3EV,0.84,0.29,-0.55,62.509700336700334,60.0,104.18283389450056
bms_01241228179-2023-06-trip-38.csv,01241228179,Bongo3EV,0.89,0.42,-0.47000000000000003,62.8005328999212,60.0,104.667554833202
bms_01241228179-2023-06-trip-41.csv,01241228179,Bongo3EV,0.81,0.325,-0.48500000000000004,63.66395475372279,60.0,106.10659125620465
bms_01241228179-2023-05-trip-60.csv,01241228179,Bongo3EV,0.79,0.375,-0.41500000000000004,62.014386434627404,60.0,103.35731072437902
bms_01241228179-2023-04-trip-70.csv,01241228179,Bongo3EV,0.965,0.5,-0.46499999999999997,64.56976105137396,60.0,107.6162684189566
bms_01241228179-2023-06-trip-59.csv,01241228179,Bongo3EV,0.765,0.29,-0.47500000000000003,61.334590643274844,60.0,102.22431773879141
bms_01241228179-2023-04-trip-77.csv,01241228179,Bongo3EV,0.8,0.37,-0.43000000000000005,64.5145122739018,60.0,107.52418712316967
bms_01241228179-2023-06-trip-60.csv,01241228179,Bongo3EV,0.92,0.4,-0.52,63.6157986111111,60.0,106.0263310185185
bms_01241228179-2023-04-trip-78.csv,01241228179,Bongo3EV,0.805,0.34500000000000003,-0.46,63.605531400966186,60.0,106.0092190016103
bms_01241228179-2023-06-trip-65.csv,01241228179,Bongo3EV,0.965,0.295,-0.6699999999999999,62.43138750690989,60.0,104.0523125115165
bms_01241228179-2023-06-trip-70.csv,01241228179,Bongo3EV,0.905,0.34,-0.565,62.81523762700754,60.0,104.69206271167923
bms_01241228179-2023-05-trip-88.csv,01241228179,Bongo3EV,0.795,0.33,-0.465,65.12086917562723,60.0,108.53478195937873
bms_01241228179-2023-09-trip-54.csv,01241228179,Bongo3EV,0.875,0.47000000000000003,-0.40499999999999997,61.56108824874257,60.0,102.60181374790429
bms_altitude_01241248829-2023-11-trip-1.csv,01241248829,Bongo3EV,0.765,0.2,-0.565,61.91180104883646,60.0,103.1863350813941
bms_altitude_01241248829-2023-11-trip-13.csv,01241248829,Bongo3EV,0.84,0.265,-0.575,61.04759983896942,60.0,101.74599973161568
bms_altitude_01241248829-2024-01-trip-9.csv,01241248829,Bongo3EV,0.79,0.355,-0.43500000000000005,61.42441677309492,60.0,102.3740279551582
bms_altitude_01241248829-2023-10-trip-22.csv,01241248829,Bongo3EV,0.735,0.27,-0.46499999999999997,61.573070489844696,60.0,102.62178414974117
bms_altitude_01241248829-2023-11-trip-18.csv,01241248829,Bongo3EV,0.865,0.335,-0.53,63.28411250873515,60.0,105.47352084789192
bms_altitude_01241248829-2023-09-trip-35.csv,01241248829,Bongo3EV,0.965,0.49,-0.475,61.3874366471735,60.0,102.31239441195584
bms_altitude_01241248829-2023-10-trip-30.csv,01241248829,Bongo3EV,0.755,0.335,-0.42,67.67775352733686,60.0,112.79625587889477
bms_altitude_01241248829-2024-02-trip-21.csv,01241248829,Bongo3EV,0.79,0.385,-0.405,68.63864769090077,60.0,114.3977461515013
bms_altitude_01241248829-2023-09-trip-39.csv,01241248829,Bongo3EV,0.8250000000000001,0.4,-0.42500000000000004,64.32173420479303,60.0,107.2028903413217
bms_altitude_01241248829-2023-09-trip-42.csv,01241248829,Bongo3EV,0.97,0.49,-0.48,61.960377121913574,60.0,103.26729520318929
bms_altitude_01241248829-2023-09-trip-48.csv,01241248829,Bongo3EV,0.935,0.45,-0.48500000000000004,61.780484917907586,60.0,102.96747486317932
bms_altitude_01241248829-2023-11-trip-39.csv,01241248829,Bongo3EV,0.775,0.17,-0.605,61.304136822773195,60.0,102.17356137128866
bms_altitude_01241248829-2023-09-trip-53.csv,01241248829,Bongo3EV,0.91,0.275,-0.635,60.43354184893555,60.0,100.72256974822591
bms_altitude_01241248829-2023-12-trip-40.csv,01241248829,Bongo3EV,0.805,0.38,-0.42500000000000004,62.33446840958605,60.0,103.89078068264341
bms_altitude_01241248829-2024-01-trip-35.csv,01241248829,Bongo3EV,0.705,0.29,-0.415,59.44558567603748,60.0,99.07597612672913
bms_altitude_01241248829-2023-08-trip-67.csv,01241248829,Bongo3EV,0.66,0.16,-0.5,58.86861296296297,60.0,98.11435493827162
bms_altitude_01241248829-2023-10-trip-51.csv,01241248829,Bongo3EV,0.775,0.35000000000000003,-0.425,65.41690196078432,60.0,109.02816993464053
bms_altitude_01241248829-2023-09-trip-62.csv,01241248829,Bongo3EV,0.705,0.28500000000000003,-0.41999999999999993,58.49971450617284,60.0,97.49952417695475
bms_altitude_01241248829-2023-11-trip-50.csv,01241248829,Bongo3EV,0.785,0.15,-0.635,61.46910906969962,60.0,102.44851511616604
bms_altitude_01241248829-2023-12-trip-64.csv,01241248829,Bongo3EV,0.855,0.45,-0.40499999999999997,64.12419524462734,60.0,106.87365874104557
bms_altitude_01241248829-2024-02-trip-65.csv,01241248829,Bongo3EV,0.665,0.135,-0.53,56.44339797344514,60.0,94.07232995574189
bms_altitude_01241248829-2024-01-trip-66.csv,01241248829,Bongo3EV,0.67,0.23500000000000001,-0.43500000000000005,58.87088122605363,60.0,98.11813537675606
bms_altitude_01241248829-2024-02-trip-76.csv,01241248829,Bongo3EV,0.745,0.25,-0.495,65.23388514777403,60.0,108.7231419129567
bms_altitude_01241248829-2023-11-trip-71.csv,01241248829,Bongo3EV,0.96,0.515,-0.44499999999999995,63.701190178942994,60.0,106.16865029823832
bms_altitude_01241248829-2024-03-trip-43.csv,01241248829,Bongo3EV,0.7000000000000001,0.3,-0.4000000000000001,60.4046273148148,60.0,100.67437885802468
bms_altitude_01241248829-2023-10-trip-81.csv,01241248829,Bongo3EV,0.805,0.38,-0.42500000000000004,60.76409586056644,60.0,101.27349310094407
bms_altitude_01241248829-2023-11-trip-78.csv,01241248829,Bongo3EV,0.73,0.20500000000000002,-0.5249999999999999,60.55842768959437,60.0,100.93071281599062
bms_altitude_01241248829-2023-10-trip-89.csv,01241248829,Bongo3EV,0.725,0.28500000000000003,-0.43999999999999995,65.65226957070708,60.0,109.4204492845118
bms_altitude_01241248829-2023-10-trip-93.csv,01241248829,Bongo3EV,0.875,0.365,-0.51,63.64165032679739,60.0,106.06941721132898
bms_altitude_01241248829-2024-01-trip-93.csv,01241248829,Bongo3EV,0.85,0.23500000000000001,-0.615,61.403968684131286,60.0,102.33994780688546
bms_altitude_01241248829-2024-01-trip-95.csv,01241248829,Bongo3EV,0.79,0.165,-0.625,62.482314074074075,60.0,104.13719012345679
bms_altitude_01241248829-2023-10-trip-112.csv,01241248829,Bongo3EV,0.78,0.29,-0.49000000000000005,63.913202947845804,60.0,106.52200491307633
bms_altitude_01241248829-2024-01-trip-107.csv,01241248829,Bongo3EV,0.79,0.35000000000000003,-0.44,61.71490004208755,60.0,102.85816673681258
bms_altitude_01241248829-2023-12-trip-126.csv,01241248829,Bongo3EV,0.8300000000000001,0.43,-0.4000000000000001,63.992245370370355,60.0,106.65374228395059
bms_altitude_01241248829-2024-04-trip-78.csv,01241248829,Bongo3EV,0.855,0.34,-0.5149999999999999,59.424062387630364,60.0,99.04010397938394
bms_altitude_01241248829-2024-06-trip-14.csv,01241248829,Bongo3EV,0.0,0.9,0.9,4.284169753086419,60.0,7.140282921810699
bms_altitude_01241248829-2024-05-trip-17.csv,01241248829,Bongo3EV,0.855,0.33,-0.5249999999999999,63.91823633156968,60.0,106.53039388594947
bms_altitude_01241248829-2024-06-trip-28.csv,01241248829,Bongo3EV,0.795,0.35000000000000003,-0.445,62.46811069496463,60.0,104.11351782494106
bms_altitude_01241248829-2024-07-trip-30.csv,01241248829,Bongo3EV,0.965,0.535,-0.42999999999999994,61.073366709733,60.0,101.78894451622168
bms_altitude_01241248829-2024-05-trip-50.csv,01241248829,Bongo3EV,0.875,0.255,-0.62,61.286693548387106,60.0,102.14448924731185
bms_altitude_01241248829-2024-07-trip-42.csv,01241248829,Bongo3EV,0.805,0.34500000000000003,-0.46,59.487887479871176,60.0,99.14647913311863
bms_altitude_01241248829-2024-05-trip-76.csv,01241248829,Bongo3EV,0.77,0.37,-0.4,61.73425231481481,60.0,102.89042052469135
bms_altitude_01241248829-2024-05-trip-82.csv,01241248829,Bongo3EV,0.79,0.24,-0.55,61.54725925925925,60.0,102.57876543209873
bms_altitude_01241592904-2023-11-trip-47.csv,01241592904,Ioniq6,0.775,0.37,-0.405,66.8948525377229,55.6,120.314482981516
bms_altitude_01241592904-2023-10-trip-68.csv,01241592904,Ioniq6,0.755,0.315,-0.44,62.926207386363636,55.6,113.17663198986266
bms_altitude_01241592904-2023-11-trip-86.csv,01241592904,Ioniq6,0.71,0.295,-0.415,55.05620816599732,55.6,99.0219571330887
bms_altitude_01241592904-2023-12-trip-82.csv,01241592904,Ioniq6,0.855,0.365,-0.49,61.091112528344674,55.6,109.87610166968467
bms_altitude_01241592904-2024-04-trip-40.csv,01241592904,Ioniq6,0.965,0.385,-0.58,56.22660201149426,55.6,101.1269820350616
bms_altitude_01241597763-2023-10-trip-1.csv,01241597763,Ioniq6,0.965,0.295,-0.6699999999999999,57.510001036484255,55.6,103.43525366274147
bms_altitude_01241592904-2024-07-trip-52.csv,01241592904,Ioniq6,0.73,0.265,-0.46499999999999997,55.243267622461175,55.6,99.35839500442657
bms_altitude_01241597763-2023-10-trip-32.csv,01241597763,Ioniq6,0.965,0.43,-0.5349999999999999,58.037651869158886,55.6,104.38426595172461
bms_altitude_01241597763-2024-02-trip-16.csv,01241597763,Ioniq6,0.96,0.195,-0.7649999999999999,56.80489469862019,55.6,102.16707679607948
bms_altitude_01241597763-2024-02-trip-17.csv,01241597763,Ioniq6,0.9400000000000001,0.185,-0.7550000000000001,56.57954470198675,55.6,101.76177104673876
bms_altitude_01241597763-2023-12-trip-45.csv,01241597763,Ioniq6,0.97,0.135,-0.835,56.121151862940785,55.6,100.93732349449782
bms_altitude_01241597763-2023-12-trip-46.csv,01241597763,Ioniq6,0.965,0.185,-0.78,56.669571759259256,55.6,101.92369021449505
bms_altitude_01241597763-2024-05-trip-14.csv,01241597763,Ioniq6,0.9450000000000001,0.3,-0.645,57.13463931955209,55.6,102.76014266106492
bms_altitude_01241597763-2024-05-trip-15.csv,01241597763,Ioniq6,0.965,0.325,-0.6399999999999999,57.24818359375001,55.6,102.96435898156476
bms_altitude_01241597763-2024-04-trip-22.csv,01241597763,Ioniq6,0.97,0.365,-0.605,57.84692033976124,55.6,104.0412236326641
bms_altitude_01241597763-2024-04-trip-37.csv,01241597763,Ioniq6,0.785,0.32,-0.465,57.59014336917562,55.6,103.57939454887702
bms_altitude_01241597763-2024-05-trip-47.csv,01241597763,Ioniq6,0.765,0.33,-0.435,56.94427841634738,55.6,102.41776693587659
bms_altitude_01241597763-2024-05-trip-49.csv,01241597763,Ioniq6,0.785,0.18,-0.605,56.51525941230486,55.6,101.64615002213104
bms_altitude_01241597763-2024-09-trip-25.csv,01241597763,Ioniq6,0.91,0.335,-0.575,55.283521739130435,55.6,99.43079449483892
bms_altitude_01241597763-2024-09-trip-27.csv,01241597763,Ioniq6,0.89,0.425,-0.465,54.61623805256868,55.6,98.23064397944007
bms_altitude_01241597763-2024-08-trip-37.csv,01241597763,Ioniq6,0.0,0.755,0.755,2.1860007358351727,55.6,3.9316559997035485
bms_altitude_01241597804-2024-02-trip-5.csv,01241597804,Ioniq6,0.915,0.51,-0.405,57.43760631001373,55.6,103.30504732016857
bms_altitude_01241597804-2024-02-trip-28.csv,01241597804,Ioniq6,0.585,0.14,-0.44499999999999995,54.053158551810235,55.6,97.21791106440689
bms_altitude_01241597804-2024-02-trip-52.csv,01241597804,Ioniq6,0.68,0.28,-0.4,55.094190972222215,55.6,99.09027153277377
